user_id,customer_revenue_inr
U03641,227450.25
U06936,216019.46
U04964,215959.11
U09840,214981.34
U01333,213844.76
U06917,212054.13
U05960,211447.05
U06192,211147.48
U00854,210478.16
U06982,210464.65
U06706,209914.49
U02631,208999.47
U08424,208995.95
U08989,208927.88
U07330,208091.97
U03917,207808.06
U08656,206407.78
U06914,206234.96
U06156,205646.57
U00061,205511.36
U08351,205494.49
U03012,205183.63
U07986,204925.17
U04381,204801.72
U03636,204552.73
U08730,204417.32
U07843,204415.52
U03129,204235.7
U01405,204076.4
U02452,204062.61000000002
U01404,203893.92
U08832,203874.49
U08002,203619.6
U02836,203160.74
U04235,203127.61
U00827,202790.23
U06515,202690.76
U08439,202432.63
U06636,202325.22
U09374,202195.05
U07614,202122.95
U02916,201988.44
U09033,201953.47
U08407,201825.96
U00702,201812.04
U09088,201781.76
U04146,201561.55
U01534,201508.44
U07899,201311.04
U07898,201264.35
U00156,201224.29
U06658,201129.45
U03617,201099.44
U00371,200984.43
U03897,200917.9
U03125,200634.41
U04780,200609.03
U07773,200515.26
U03532,200405.41
U01415,200248.55
U06995,200213.32
U09414,200187.05
U02252,200179.42
U00282,199878.5
U02562,199751.78
U09792,199402.87
U05278,199227.99
U09874,199185.28
U09497,199180.32
U07314,199165.86
U08321,198966.41
U08403,198868.69
U01680,198847.09
U04567,198834.09
U02352,198712.66
U02496,198659.08
U01015,198614.68
U00954,198600.54
U01912,198494.33
U08963,198452.33
U00833,198257.19
U03110,198242.88999999998
U03582,198220.25
U06016,198217.93
U09521,198208.25
U01612,198186.81
U01563,198104.28
U07316,198102.93
U06023,198032.83
U08285,197913.68
U01715,197799.01
U03896,197721.71
U03005,197661.11000000002
U05592,197451.09
U01037,197291.09
U00947,197080.77
U05860,196781.57
U08126,196732.54
U00390,196700.69
U03359,196648.07
U07767,196581.85
U06912,196392.07
U06269,196221.25
U06838,196113.91999999998
U06581,196102.4
U05677,196090.58
U01888,196016.76
U09805,196014.76
U01988,195971.05
U03030,195926.14
U05456,195915.93
U03078,195878.58
U09897,195824.72
U02999,195816.87
U01090,195808.38
U02434,195785.43
U00939,195754.9
U07100,195747.96
U01668,195640.67
U01134,195589.75
U09106,195497.89
U03504,195398.89
U02267,195343.98
U06338,195267.5
U04276,195209.58
U01589,195175.34
U03038,195143.25
U00272,195053.43
U03839,195033.27
U05662,195025.16
U06715,194990.14
U07795,194863.78
U03169,194835.6
U02554,194820.83
U06547,194742.06
U01989,194728.34
U03513,194558.75
U07990,194459.48
U03664,194456.08
U09772,194379.2
U00313,194356.58000000002
U05532,194332.34
U00609,194273.57
U00995,194261.89
U01074,194134.83
U01479,194133.64
U05959,194125.43
U03694,194108.15
U05045,194042.21
U09463,194024.78
U02200,193975.3
U09453,193854.1
U05927,193811.32
U04198,193807.59
U05753,193789.46
U05300,193778.94
U04471,193755.75
U00281,193706.48
U03029,193705.36
U03320,193700.91
U05422,193673.0
U00971,193671.38
U00010,193604.96
U01075,193579.01
U06681,193563.11
U04148,193499.9
U09983,193463.06
U05917,193333.82
U09263,193272.58000000002
U02495,193209.88999999998
U01482,193109.76
U07369,193103.43
U00150,193060.35
U00944,193030.15
U06704,192993.38999999998
U00199,192967.88
U06066,192967.49
U09449,192953.79
U08661,192899.01
U00319,192870.11000000002
U02286,192801.8
U03923,192735.92
U08747,192728.12
U04133,192654.59
U09240,192654.22
U08745,192642.32
U01593,192601.49
U05165,192594.19
U03988,192593.37
U00264,192560.55
U03394,192466.31
U03777,192457.22
U08690,192406.26
U07035,192226.07
U06885,192204.81
U06279,192179.79
U06593,192152.44
U01110,192143.06
U06136,192046.93
U04475,192001.7
U04583,191916.56
U06770,191908.72
U07812,191903.11
U06013,191896.86000000002
U05374,191880.94
U00544,191876.68
U07454,191816.13
U04250,191804.47
U09167,191772.83
U03796,191713.02
U05292,191712.91
U06469,191670.12
U09893,191644.77
U02863,191637.24
U07781,191534.1
U00238,191508.19
U00490,191505.27
U00870,191478.16
U07190,191363.83
U02852,191345.33
U07382,191333.4
U02731,191302.39
U01732,191287.62
U07488,191172.43
U03893,191165.15
U07639,191157.5
U03279,191139.94
U08459,191121.24
U04512,191101.92
U06498,191088.18
U09488,191043.73
U09059,191039.99
U07238,191016.39
U01084,191015.36
U05362,190963.28
U00470,190930.53
U03673,190883.33
U06909,190880.35
U01478,190871.35
U09266,190869.35
U05353,190853.78
U02414,190815.53
U07039,190761.59
U03987,190733.96
U02356,190726.99
U06103,190713.31
U00211,190668.13
U07448,190649.08
U09660,190623.15
U05275,190615.85
U01674,190603.09
U09031,190602.11
U07309,190584.24
U05304,190437.77
U00076,190407.26
U08871,190357.78
U03551,190337.96
U04751,190328.41
U05347,190327.83
U00619,190308.96
U07264,190290.42
U08808,190273.29
U03676,190184.82
U03823,190175.38
U09352,190162.35
U03757,190160.8
U05068,190129.93
U00777,190122.3
U05976,190022.89
U01053,190002.08
U00926,189976.28
U00610,189944.34
U03432,189934.25
U08259,189896.1
U06452,189884.1
U08148,189871.37
U08312,189833.35
U04934,189794.46
U06610,189748.3
U04871,189744.44
U08749,189635.63
U05321,189623.75
U08910,189596.85
U01916,189579.17
U08571,189488.26
U09239,189400.48
U02139,189396.65
U07364,189369.31
U07079,189364.14
U08343,189363.0
U06741,189292.7
U03873,189267.51
U01427,189256.23
U02538,189253.49
U00915,189251.98
U05971,189246.21
U09123,189224.74
U05261,189161.13
U07103,189091.45
U03232,189083.49
U05303,189030.91
U07271,188994.05
U08848,188959.7
U05047,188931.77
U04559,188927.37
U03252,188912.65
U08639,188909.97
U08458,188881.84
U07250,188862.33
U01470,188769.29
U08226,188751.63
U04077,188720.42
U02015,188637.11
U01379,188623.7
U07193,188586.43
U00912,188538.81
U04845,188500.91
U02936,188478.58
U03943,188474.21
U05038,188461.8
U06919,188446.89
U08328,188417.58
U09346,188369.2
U08076,188299.94
U00681,188254.87
U02633,188233.2
U06238,188172.24
U02871,188154.62
U09037,188143.95
U04624,188143.64
U04040,188136.55
U09870,188106.43
U05687,188064.4
U04878,188060.88
U06384,188057.38999999998
U01827,188043.69
U02792,188034.66
U04057,188024.56
U08779,187938.41
U04858,187855.07
U07503,187794.09
U08819,187791.71
U00988,187775.14
U06321,187757.66
U04811,187731.22
U03864,187707.71
U03377,187696.85
U04293,187669.73
U04925,187590.72
U01530,187571.6
U08032,187569.91
U03444,187565.16
U02914,187465.75
U04821,187442.06
U08833,187419.58
U01551,187417.63
U09334,187396.09
U06977,187349.31
U00478,187348.89
U05688,187333.14
U00792,187248.81
U06843,187240.0
U06344,187217.14
U07014,187212.91
U05858,187208.85
U07414,187193.93
U03064,187112.56
U03570,187109.23
U04022,187108.26
U00162,187009.24
U02242,186990.16
U08737,186984.3
U05101,186968.86000000002
U03491,186851.45
U08911,186801.57
U04643,186790.83
U05062,186779.16
U06117,186774.06
U03196,186772.68
U07574,186736.87
U01567,186721.91
U02021,186719.29
U08350,186708.4
U08345,186708.02
U01049,186666.89
U01254,186618.54
U04932,186614.86
U01069,186613.11
U05081,186574.66
U08890,186555.67
U00529,186551.58
U06895,186544.46
U00471,186520.04
U01390,186518.45
U07695,186482.97
U08405,186465.02
U09216,186449.12
U08054,186413.47
U02646,186391.67
U09319,186382.59
U06164,186378.67
U02532,186359.66
U08317,186355.21
U07838,186139.38
U04246,186116.13
U08399,186108.46
U04032,186104.52
U06524,186025.46
U02138,185961.08
U08927,185958.52
U00885,185943.71
U06466,185942.84
U00071,185942.37
U09233,185933.21
U01577,185926.17
U00844,185888.33
U02238,185887.74
U06202,185872.08
U06360,185871.33
U09543,185863.59
U00919,185859.77
U00062,185847.95
U03438,185797.25
U08386,185759.18
U00910,185718.33
U01838,185705.08
U09891,185703.14
U08418,185675.05
U03934,185659.75
U09129,185658.85
U09246,185649.31
U06421,185648.09
U07936,185613.49
U04602,185598.34
U07725,185591.2
U06881,185575.48
U00533,185523.56
U09973,185504.4
U05704,185472.47
U02977,185468.62
U08546,185464.56
U06409,185460.25
U08000,185418.04
U08252,185413.98
U07425,185409.2
U01639,185397.63
U04726,185396.11
U04301,185384.85
U08938,185338.32
U03426,185319.94
U04382,185292.34
U05124,185287.48
U00171,185267.41
U07244,185255.37
U05158,185240.56
U09406,185175.06
U09911,185138.01
U02723,185100.45
U07306,185095.39
U00326,185045.38
U03187,185032.63999999998
U01877,184960.62
U07409,184897.56
U05344,184892.62
U01233,184859.94
U01292,184851.0
U01338,184848.68
U03489,184795.35
U09005,184761.18
U03119,184757.37
U05012,184732.58
U03424,184724.16
U08411,184719.47
U03425,184702.87
U00331,184677.0
U04334,184649.55
U07457,184611.78
U01176,184609.19
U00598,184586.37
U04397,184517.61
U00711,184511.9
U07880,184493.48
U06950,184459.91
U08159,184449.35
U06803,184408.94
U02152,184395.95
U05237,184346.93
U01188,184345.53
U02707,184324.33
U01095,184315.06
U04041,184275.15
U02507,184261.13
U08267,184254.44
U04669,184245.63
U07826,184242.72
U05754,184200.52
U06793,184167.15
U00755,184159.64
U07191,184146.85
U00567,184131.94
U02089,184130.92
U08488,184090.57
U07109,184085.03
U05002,184072.02
U01100,183983.44
U07564,183932.8
U01604,183920.07
U06159,183919.5
U05397,183917.75
U08865,183915.57
U05390,183893.93
U01089,183872.6
U06022,183859.8
U00517,183852.07
U00417,183830.94
U07895,183809.65
U01323,183788.92
U05003,183769.94
U02228,183742.91
U09938,183723.45
U03608,183723.01
U08473,183717.94
U08942,183711.35
U05248,183649.61
U05337,183636.43
U04007,183631.35
U07343,183618.06
U08192,183613.76
U09144,183591.65
U05545,183582.13
U08150,183577.26
U04741,183562.62
U03495,183455.75
U06001,183431.42
U08685,183418.66
U04961,183403.26
U08295,183390.03
U03650,183378.1
U05540,183320.08
U09331,183294.93
U06546,183273.58
U06586,183267.91
U04658,183256.06
U04167,183250.74
U01627,183237.67
U03165,183235.77
U01307,183232.85
U02862,183210.03
U05099,183200.56
U03292,183083.61
U08210,183058.19
U02721,182975.57
U05371,182928.11
U00191,182921.24
U08480,182865.51
U05106,182850.62
U01135,182815.62
U04254,182810.5
U02830,182808.97
U01108,182799.63
U03397,182774.32
U01999,182772.62
U08948,182731.62
U05620,182702.2
U05059,182699.4
U05718,182679.51
U08015,182667.17
U08092,182646.05
U04422,182632.73
U04998,182596.82
U06107,182516.42
U04272,182509.23
U03393,182503.75
U08681,182477.49
U03289,182475.64
U09375,182460.33
U07868,182419.07
U09668,182394.75
U04049,182385.8
U09920,182376.41999999998
U07492,182356.3
U06105,182355.25
U05651,182315.92
U05918,182296.13
U01380,182282.81
U04737,182267.47
U08194,182262.83
U00418,182262.13
U08434,182236.58
U07730,182195.17
U01330,182192.94
U06624,182178.53
U04929,182166.98
U06755,182145.61
U02858,182127.09
U09941,182124.75
U02340,182124.0
U02194,182116.06
U05640,182105.54
U04206,182105.43
U03309,182104.8
U07977,182084.34
U08065,182063.15
U04099,181967.31
U04507,181908.15
U08783,181854.52
U09597,181821.35
U01657,181811.53
U02616,181808.6
U09618,181786.25
U05450,181740.22
U06646,181691.33
U07167,181567.71
U09091,181567.57
U04033,181560.0
U06255,181503.15
U03144,181493.41
U02973,181490.68
U00239,181468.52
U06151,181426.25
U05538,181389.46
U06932,181387.3
U08086,181341.81
U05054,181321.24
U09241,181308.63
U06350,181291.89
U01022,181289.13
U09923,181260.58
U07359,181241.21
U09629,181181.29
U04653,181149.88
U09292,181114.13
U00002,181101.67
U02811,181075.87
U03948,181068.38999999998
U09373,181063.59
U06924,181059.01
U02446,181034.19
U05882,181014.37
U07322,180999.15
U09498,180954.0
U01787,180945.04
U05496,180932.36
U00502,180916.08
U03784,180915.75
U02908,180872.09
U03669,180862.83
U03798,180836.15
U09747,180816.34
U05064,180780.04
U08114,180779.84
U00967,180755.89
U06508,180750.0
U04306,180733.02
U09399,180732.04
U03210,180701.63
U04252,180657.14
U09368,180646.33
U02518,180629.03
U01508,180625.76
U01719,180562.52
U06496,180553.9
U00724,180547.05
U03057,180497.48
U06536,180480.59
U01315,180459.24
U02170,180453.43
U07865,180446.35
U01812,180427.11
U09777,180426.17
U06852,180377.88
U03651,180347.8
U01414,180329.89
U02578,180329.46
U08982,180324.77
U03914,180321.22
U07401,180285.46
U07341,180277.05
U06100,180267.11
U08588,180220.45
U01021,180177.22
U08775,180173.1
U07926,180153.88
U01760,180127.06
U08479,180126.4
U06246,180097.52
U06733,180049.69
U08084,180036.59
U03696,180021.89
U08298,180010.85
U01157,180007.97
U00442,180004.61
U00875,179994.47
U09852,179966.75
U05195,179934.3
U06317,179909.37
U03374,179903.08
U04438,179891.12
U01440,179856.66
U04281,179844.71
U06448,179829.63999999998
U04010,179822.92
U01171,179783.8
U04469,179770.67
U09333,179766.71
U04128,179746.25
U01811,179737.95
U00520,179698.6
U02491,179696.13999999998
U03116,179685.11
U04131,179677.33
U09183,179667.73
U04829,179664.47
U06288,179655.91
U03682,179654.76
U03939,179630.5
U03150,179629.04
U09635,179627.19
U00157,179622.08000000002
U09054,179617.15
U02041,179610.91
U05962,179599.68
U01079,179597.47
U08912,179575.2
U03075,179569.04
U01208,179538.14
U09547,179522.14
U00050,179506.05
U04322,179426.29
U07966,179415.69
U03876,179412.17
U04136,179403.27
U07290,179353.65
U09465,179331.01
U02108,179312.18
U08331,179299.95
U07627,179283.93
U06309,179253.33
U04161,179249.06
U09237,179237.9
U01211,179227.32
U00563,179178.67
U05263,179159.94
U05828,179154.02
U08486,179136.02
U05247,179135.35
U06123,179115.56
U08008,179075.34
U08511,179071.07
U03280,179060.48
U09434,179054.62
U09999,179024.41
U02625,179007.23
U06800,178997.53
U07999,178960.64
U02953,178960.57
U09881,178919.28
U00222,178888.32
U03327,178882.25
U02669,178837.35
U01996,178835.94
U03706,178827.94
U02598,178820.99
U07803,178810.84
U08699,178810.36000000002
U04230,178782.83
U07389,178776.39
U07132,178768.97
U08764,178747.11
U09561,178744.86000000002
U02604,178705.99
U01458,178671.5
U07828,178644.05
U06324,178636.59
U00535,178610.04
U08792,178594.74
U07755,178579.54
U05791,178572.83
U04981,178547.02
U00044,178530.62
U08136,178518.6
U02656,178515.75
U07291,178507.51
U02246,178488.25
U06152,178483.33
U09419,178482.46
U04773,178470.46
U04768,178469.68
U00097,178465.14
U00880,178403.98
U00053,178383.43
U01218,178373.36
U05215,178363.16
U08966,178337.83
U00037,178310.85
U05649,178309.19
U02324,178305.08
U04411,178304.27
U05720,178301.73
U08374,178295.62
U01937,178279.37
U07258,178254.62
U03441,178253.05
U07636,178252.88999999998
U05206,178248.6
U02050,178230.69
U08330,178221.66
U07923,178213.12
U09426,178181.84
U08628,178165.46
U09601,178160.99
U01175,178153.22
U06629,178139.68
U08085,178130.46
U06228,178123.61
U06769,178122.55
U06926,178098.71
U02971,178081.52
U03903,178066.12
U06073,178064.2
U02637,178056.21
U02486,178046.76
U02467,178033.23
U00897,178029.57
U07690,178011.43
U04589,177947.44
U00832,177946.64
U09916,177944.86
U05554,177933.57
U00006,177915.06
U09260,177889.77
U07978,177872.84
U07393,177837.44
U04581,177822.28
U03049,177807.02
U00041,177785.4
U05108,177776.28
U00840,177758.85
U07575,177753.17
U09960,177738.62
U06114,177698.82
U01865,177695.89
U06060,177692.06
U03566,177659.05
U05912,177637.9
U00198,177611.75
U07699,177591.11
U05243,177571.04
U07921,177570.68
U00274,177529.23
U09168,177494.9
U07174,177476.42
U03400,177475.78
U08708,177474.21
U07071,177463.52
U09452,177445.75
U03538,177410.19
U09522,177409.63999999998
U07814,177407.86
U05550,177395.05
U02664,177384.26
U06809,177368.19
U01558,177344.84
U03841,177344.35
U04009,177311.84
U03787,177298.28
U03402,177285.75
U06272,177272.68
U04470,177271.55
U02260,177263.01
U04090,177256.6
U00430,177237.32
U05978,177232.13999999998
U03786,177204.29
U01287,177183.62
U08597,177165.99
U07251,177154.79
U06403,177146.74
U03583,177110.03
U09501,177108.9
U04112,177097.91
U01803,177092.2
U06182,177088.16
U09744,177043.64
U01125,177038.02
U05388,177032.85
U02136,177026.99
U01493,177016.7
U01223,176981.4
U02895,176974.12
U09436,176961.66
U02795,176960.94
U00884,176949.92
U04687,176918.72
U08538,176890.28
U07871,176879.24
U08441,176861.39
U06075,176853.31
U00327,176733.82
U04857,176722.55
U02280,176713.51
U05091,176678.4
U03157,176675.01
U07302,176647.9
U06037,176645.22
U00994,176631.8
U09652,176617.72
U01180,176608.5
U03901,176604.33
U05955,176594.93
U00804,176591.0
U03847,176585.7
U05981,176573.75
U01825,176572.95
U08818,176563.81
U05218,176546.98
U09133,176526.66
U08672,176519.13
U08482,176518.24
U06210,176501.82
U09148,176496.97
U05904,176494.75
U01770,176494.64
U09461,176493.88
U05876,176493.09
U00548,176468.46
U04159,176408.4
U03936,176407.54
U08598,176349.44
U04467,176340.9
U05683,176327.4
U09655,176321.78
U05220,176298.76
U01071,176292.2
U07808,176290.34
U08163,176288.09
U04134,176217.12
U03907,176203.41
U08883,176178.53
U09940,176155.88
U07305,176144.59
U08975,176112.64
U07516,176102.77
U09214,176085.35
U05895,176074.13
U09396,176069.13999999998
U08365,176055.42
U03338,176020.84
U08796,176003.15
U01044,175999.25
U00574,175994.45
U07822,175990.67
U01350,175955.3
U07703,175955.0
U09160,175933.36
U05939,175932.57
U02358,175931.19
U09150,175907.61000000002
U05030,175892.07
U07761,175874.11
U08254,175832.82
U08655,175809.39
U07994,175773.04
U03270,175768.34
U05793,175767.53
U05093,175758.19
U04413,175749.47
U02063,175746.95
U08551,175725.77
U05819,175713.38
U09917,175683.07
U03616,175678.07
U00109,175671.69
U07870,175671.61
U01116,175645.71
U01491,175618.67
U01444,175567.56
U09573,175559.11
U01189,175517.61
U04245,175508.67
U02462,175489.92
U09993,175476.04
U06644,175442.28
U00392,175400.34
U08617,175399.43
U02073,175376.25
U04016,175375.74
U07028,175331.01
U03095,175321.07
U05714,175286.96
U05477,175270.63999999998
U01424,175252.7
U02099,175209.37
U05069,175135.04
U01545,175106.22
U07219,175097.37
U06734,175078.22
U02233,175070.04
U01099,175053.07
U02785,175041.48
U00607,175016.28
U06315,175009.27
U08335,175007.72
U05240,175003.79
U09883,174990.79
U09390,174983.27
U04642,174939.14
U01781,174891.71
U08746,174850.42
U04747,174833.53
U05128,174825.92
U09672,174825.44
U07689,174778.98
U08450,174766.54
U01158,174766.07
U08070,174764.91
U05406,174733.81
U03926,174713.7
U04480,174692.0
U01425,174668.63
U03101,174665.08
U01336,174653.52
U02112,174626.57
U06441,174609.24
U03371,174607.57
U09577,174593.61
U06830,174581.11000000002
U07273,174576.73
U05083,174573.19
U00130,174555.65
U08140,174506.5
U09152,174506.48
U05834,174495.54
U04336,174488.77
U04291,174477.96
U01709,174476.8
U00668,174455.9
U08540,174423.92
U02542,174371.87
U03361,174337.84
U01091,174297.27
U09294,174283.65
U07677,174268.23
U07455,174254.2
U01235,174243.91
U03060,174217.3
U01036,174208.37
U07981,174197.71
U01032,174196.45
U08923,174194.36
U00950,174194.21
U04135,174191.62
U09557,174162.41
U02271,174117.61
U06094,174111.02
U02483,174099.87
U02488,174092.62
U00492,174076.67
U07300,174067.01
U04637,174063.32
U05159,174045.13
U01304,174044.71
U04665,174042.87
U00237,174026.78
U07279,174022.16
U04851,173969.15
U00968,173956.35
U09574,173899.79
U09072,173854.48
U00803,173852.67
U00009,173816.61
U00888,173770.46
U05284,173729.5
U01302,173728.9
U03592,173717.41
U04372,173706.47
U05812,173674.25
U00057,173669.96
U03674,173661.97
U04114,173646.69
U03821,173629.26
U08801,173603.55
U08142,173592.79
U00927,173541.84
U04232,173508.92
U07877,173505.8
U04352,173488.22
U00810,173484.17
U07115,173471.78
U03733,173467.28
U01554,173464.16
U07949,173459.69
U07542,173458.33
U07468,173418.23
U02812,173416.11
U03219,173393.46
U01496,173388.39
U03874,173338.41
U06417,173313.35
U08197,173312.02
U08278,173309.51
U04786,173307.64
U06311,173306.86
U07621,173289.06
U03216,173271.92
U01005,173261.33
U09534,173231.44
U03445,173228.75
U06778,173214.95
U08185,173209.74
U04523,173187.59
U01733,173179.33
U04087,173124.49
U05175,173108.72
U04171,173107.53
U06824,173095.39
U01370,173093.05
U08578,173078.62
U07227,173071.37
U02001,173063.41
U00494,173053.82
U00785,173028.31
U02190,173002.31
U02993,173001.5
U05741,173001.48
U09415,172961.36
U02402,172948.79
U07016,172948.78
U09277,172943.61
U04988,172941.72
U05639,172937.0
U06099,172913.55
U03854,172911.34
U08240,172897.56
U00116,172849.52
U06406,172847.84
U02325,172844.51
U02563,172833.43
U04329,172829.38
U05900,172796.53
U03770,172781.18
U02783,172760.56
U08037,172746.51
U05770,172739.79
U09058,172728.65
U00330,172674.31
U07925,172671.43
U07348,172671.11
U06786,172662.62
U06195,172652.15
U03212,172632.96
U06970,172622.31
U01475,172620.95
U02115,172592.66
U01382,172561.58
U05024,172556.59
U00726,172532.15
U02225,172487.75
U04234,172459.87
U06373,172435.86
U04753,172418.8
U05790,172407.95
U03106,172403.86
U05350,172390.18
U05758,172384.21
U05035,172381.73
U05797,172381.7
U08519,172374.93
U00016,172345.64
U07882,172333.97
U09189,172321.81
U07778,172285.11
U01676,172279.11
U03976,172273.94
U05932,172251.52
U02513,172240.16
U02889,172224.9
U01273,172223.23
U01808,172188.12
U04424,172172.22
U08019,172149.24
U01928,172140.68
U01279,172104.38
U01274,172098.16
U06718,172094.71
U04229,172090.32
U03198,172084.99
U07136,172069.16
U04218,172061.91
U06685,172017.66
U08117,171965.16
U04534,171946.49
U02846,171918.34
U01792,171890.05
U03192,171887.83
U02623,171883.45
U01280,171876.56
U03058,171852.67
U09407,171829.51
U07111,171804.89
U03174,171784.07
U05566,171781.15
U06049,171759.42
U08346,171751.83
U01797,171750.31
U01503,171739.99
U05265,171725.11
U00252,171721.29
U06097,171697.81
U04238,171663.44
U01397,171639.38
U03590,171627.68
U04386,171553.11000000002
U03569,171518.99
U04767,171504.36000000002
U09900,171494.34
U00170,171486.7
U04639,171471.93
U02291,171469.57
U07231,171451.7
U07858,171451.69
U00941,171441.62
U03887,171403.96
U01901,171399.25
U04158,171366.8
U08984,171325.91
U02891,171308.91
U03004,171257.41999999998
U01654,171237.46
U00145,171228.83
U00317,171206.21
U07786,171198.54
U04241,171196.89
U02475,171140.76
U08570,171138.26
U08495,171132.49
U04383,171121.4
U09955,171104.62
U02061,171103.49
U04844,171084.03
U09669,171058.22
U01078,171055.03
U04249,171045.54
U01354,171035.76
U03475,171031.11000000002
U04303,171012.72
U06729,171009.43
U00337,171002.81
U08640,170996.3
U01749,170995.42
U06634,170935.03
U04914,170900.67
U04748,170895.91
U01399,170892.52
U09637,170882.67
U05498,170862.28
U06889,170854.92
U07707,170843.51
U02093,170822.99
U08572,170821.45
U09555,170799.47
U01093,170741.66
U08658,170732.6
U00359,170730.75
U04700,170712.42
U02065,170680.24
U03816,170612.91
U02309,170603.93
U04228,170601.94
U04072,170554.93
U07906,170550.52
U04897,170530.51
U05429,170528.1
U05051,170486.15
U04100,170478.59
U02044,170468.66
U02515,170468.41
U01780,170440.1
U06613,170433.15
U03531,170430.87
U01617,170405.39
U01849,170402.57
U09510,170402.03
U05042,170378.01
U07634,170371.0
U07985,170369.98
U08276,170365.7
U00570,170342.59
U06392,170334.63
U01290,170319.06
U07022,170317.1
U05305,170312.68
U00929,170293.41
U06766,170278.72
U08314,170221.49
U06603,170180.5
U03222,170175.36
U03122,170169.55
U08908,170161.45
U07493,170155.91
U02256,170151.42
U02276,170133.57
U08297,170125.27
U02567,170121.99
U04002,170052.24
U08840,170051.45
U04304,170032.41
U07284,170024.11000000002
U07532,170020.52
U06291,170002.7
U09022,170002.49
U07117,169983.99
U08721,169969.16
U09658,169948.48
U01481,169938.78
U02208,169937.1
U01163,169933.39
U02153,169928.32
U04540,169926.87
U00848,169913.73
U02285,169889.83
U08944,169873.45
U07975,169872.05
U06282,169848.47
U00655,169835.63
U07771,169832.88999999998
U01103,169805.18
U01286,169785.43
U05909,169769.4
U02296,169768.76
U01332,169735.64
U07424,169731.68
U08133,169720.33
U01305,169717.03
U00139,169714.42
U05094,169708.25
U06475,169703.8
U07787,169672.76
U02150,169651.79
U02628,169646.01
U07534,169640.21
U01913,169635.74
U09397,169633.08
U08498,169604.53
U01966,169594.3
U01422,169576.76
U05258,169560.25
U00864,169535.45
U02156,169508.74
U09722,169508.49
U04270,169503.52
U08110,169502.67
U01063,169498.82
U02544,169446.87
U00309,169425.57
U07608,169398.2
U07980,169397.67
U00667,169379.47
U08728,169364.43
U06742,169351.79
U03389,169332.71
U07501,169325.52
U02847,169279.1
U04704,169270.87
U07903,169241.55
U00315,169106.63
U02283,169091.21
U08219,169084.51
U01028,169084.26
U04696,169074.19
U03421,169041.79
U01320,168943.07
U05027,168915.19
U03234,168826.35
U03063,168823.7
U01700,168814.43
U04478,168788.72
U08095,168768.32
U01644,168754.85
U06998,168721.87
U06025,168721.51
U01229,168708.05
U00472,168697.98
U02117,168649.77
U03156,168616.69
U04701,168607.69
U08421,168552.09
U03365,168545.57
U09922,168515.86000000002
U00932,168508.6
U07941,168474.31
U03647,168465.65
U05733,168430.07
U08575,168424.27
U09888,168413.74
U01155,168407.16
U04308,168349.87
U08630,168340.67
U09064,168310.97
U08444,168308.29
U08875,168257.4
U02762,168219.38
U09552,168216.73
U08978,168168.17
U07641,168154.72
U02526,168146.09
U07846,168138.57
U08771,168130.12
U02827,168116.17
U06777,168104.37
U08379,168102.27
U03565,168099.74
U09307,168067.26
U05588,168004.53
U09208,167991.44
U01882,167957.68
U05794,167945.32
U01349,167934.12
U08414,167909.09
U04442,167889.25
U06548,167866.06
U06180,167864.98
U09225,167849.63
U05419,167821.04
U05471,167819.42
U06820,167814.28
U05734,167811.96
U04456,167757.4
U01398,167733.73
U07319,167721.65
U05761,167714.69
U08928,167700.9
U06898,167698.43
U09256,167558.44
U03980,167533.84
U00930,167515.96
U07751,167509.45
U01465,167494.99
U00935,167466.98
U08892,167424.45
U09001,167416.84
U02427,167412.33
U04292,167389.5
U09814,167371.67
U01712,167357.32
U02247,167348.31
U07893,167304.06
U02119,167285.1
U04408,167220.88
U08787,167210.99
U08230,167189.24
U02659,167145.21
U04579,167118.05
U00413,167096.77
U06663,167077.3
U01793,167038.46
U01843,167029.17
U00709,167018.77
U02850,167006.63
U09455,167001.83
U05409,167001.52
U01711,166994.2
U02111,166981.59
U08432,166967.29
U05467,166921.12
U08104,166894.86
U01488,166892.76
U08789,166873.36000000002
U07055,166871.8
U05014,166862.53
U05472,166857.2
U04179,166850.98
U05570,166839.26
U01705,166788.22
U09428,166737.99
U08526,166735.25
U06727,166732.81
U07381,166723.09
U02722,166721.04
U01065,166719.73
U03408,166701.08
U07150,166666.18
U01162,166663.72
U01396,166661.2
U02449,166627.23
U05568,166581.02
U07884,166566.12
U04079,166538.32
U04969,166538.06
U03282,166508.2
U05859,166505.98
U07647,166492.71
U01752,166491.8
U06462,166489.96
U01775,166437.28
U09355,166426.91
U02272,166351.61
U08040,166350.2
U07134,166321.7
U00286,166317.56
U06771,166310.87
U09205,166295.59
U01325,166282.48
U09643,166281.83
U00192,166280.47
U05327,166271.97
U05590,166271.47
U00290,166261.5
U08367,166231.44
U00078,166200.63
U07610,166182.18
U03932,166129.49
U03447,166129.2
U02339,166123.53
U00801,166116.06
U01506,166100.63999999998
U08767,166096.31
U02487,166095.87
U07996,166070.9
U06913,166063.89
U04997,166055.32
U01507,165979.49
U02266,165978.83
U05279,165972.04
U08397,165969.82
U01473,165963.45
U09654,165952.1
U01608,165928.69
U00729,165922.28
U07711,165912.4
U03386,165845.63
U01624,165832.06
U07072,165825.01
U08817,165797.62
U09395,165741.11
U03858,165728.98
U04089,165715.56
U08363,165710.29
U04078,165706.74
U04266,165612.63999999998
U09182,165581.31
U00966,165569.4
U08988,165495.43
U03817,165461.48
U06754,165456.05
U06571,165419.87
U00510,165372.56
U07782,165359.86
U09250,165349.05
U09383,165346.98
U00422,165329.65
U09690,165318.34
U05127,165285.94
U02660,165240.62
U05066,165231.1
U05575,165194.57
U01634,165179.9
U00155,165169.13
U04882,165146.95
U05144,165137.6
U04432,165121.26
U02529,165101.81
U05474,165096.46
U02248,165032.38
U06949,165021.77
U00797,164982.27
U01160,164959.21
U01185,164955.5
U06875,164940.31
U02761,164937.39
U03237,164917.36
U08714,164889.45
U09348,164887.58
U01403,164885.97
U01428,164883.18
U07277,164837.9
U08967,164822.19
U05769,164821.33
U01683,164779.78
U02122,164752.35
U07595,164739.46
U07373,164716.33
U07383,164712.06
U03339,164688.85
U00084,164650.3
U06327,164645.32
U08169,164605.39
U00254,164598.9
U03484,164585.77
U04776,164582.63
U00670,164576.65
U09084,164549.62
U06468,164524.69
U09254,164349.17
U05056,164322.99
U05727,164315.16
U05977,164286.14
U05594,164278.06
U01200,164268.03
U05636,164255.8
U03017,164251.88
U02503,164227.6
U05646,164210.42
U09323,164199.77
U01433,164104.55
U09818,164097.2
U08977,164074.66
U06660,164056.52
U05552,164036.65
U03312,164032.1
U01268,164007.2
U00410,163994.82
U07396,163983.62
U06059,163982.95
U00065,163981.6
U03213,163904.62
U04348,163827.71
U03450,163809.03
U03281,163780.66
U04403,163749.85
U08559,163688.9
U05402,163640.53
U06639,163639.51
U02290,163628.91
U04852,163613.0
U03225,163608.11
U02466,163573.45
U02826,163526.57
U00466,163524.32
U02453,163522.93
U01830,163513.3
U01039,163499.31
U00656,163499.24
U02030,163453.11000000002
U09429,163409.58
U00625,163363.25
U00104,163334.72
U06043,163312.41
U05468,163312.28
U07991,163312.13
U05724,163307.74
U04603,163270.37
U07629,163267.86
U03074,163255.82
U00949,163254.06
U05381,163227.73
U02742,163217.57
U06553,163193.98
U04570,163188.51
U05997,163181.76
U00852,163167.48
U02278,163152.88999999998
U04489,163150.41
U09041,163112.29
U07708,163108.52
U01486,163098.21
U03785,163092.65
U08257,163037.35
U03945,162968.38
U03077,162968.16
U08754,162896.55
U07887,162895.09
U04791,162864.12
U09683,162855.56
U06047,162838.55
U00482,162797.93
U02207,162726.33
U07682,162679.68
U05924,162673.26
U04370,162655.41
U02997,162633.94
U04317,162632.46
U01602,162564.33
U06876,162517.48
U00741,162509.78
U04868,162502.1
U01755,162501.86000000002
U00302,162500.76
U00289,162435.39
U00321,162433.6
U05988,162326.13
U03699,162287.76
U09695,162268.59
U00758,162257.89
U09013,162253.03
U08717,162249.18
U00537,162235.79
U00697,162124.7
U07539,162054.62
U06050,162030.16
U01298,161987.93
U01641,161946.15
U03378,161923.14
U00527,161915.33
U04676,161883.21
U00429,161873.34
U04799,161868.72
U02635,161800.79
U09755,161786.93
U01609,161780.58
U08965,161681.7
U02318,161661.82
U02384,161628.94
U06870,161617.27
U03793,161577.98
U07549,161512.82
U09856,161491.93
U09476,161490.64
U02981,161474.48
U02957,161461.14
U07855,161460.51
U09685,161384.44
U05546,161376.79
U08586,161344.5
U06080,161274.73
U08512,161223.54
U00671,161221.97
U03618,161149.99
U00269,161106.63999999998
U02258,161104.97
U07141,161084.34
U05940,161081.85
U09586,161063.48
U06513,161015.25
U06514,160992.52
U02421,160982.88999999998
U05489,160974.01
U03382,160955.14
U02107,160949.77
U01454,160941.59
U06443,160926.38
U03791,160858.48
U06328,160819.31
U05967,160762.83
U06218,160757.5
U00142,160754.31
U03544,160745.15
U05964,160671.52
U09202,160664.72
U06874,160645.56
U07956,160644.03
U03103,160640.09
U05073,160635.92
U01662,160630.71
U06583,160616.8
U03019,160613.68
U06578,160596.06
U05031,160589.58
U07547,160522.08
U07653,160484.78
U04012,160482.82
U09349,160468.99
U05330,160442.2
U07737,160441.03
U06569,160437.95
U03567,160437.8
U04831,160374.07
U07919,160370.5
U02134,160368.8
U02056,160308.81
U00837,160296.41
U08565,160285.68
U05184,160204.87
U07835,160185.26
U06645,160183.96
U02224,160126.24
U09590,160125.4
U05180,160092.98
U05501,160049.06
U08233,160047.33
U08727,160019.3
U02006,159955.29
U08921,159848.25
U03379,159829.61
U07476,159743.0
U01417,159730.03
U02227,159725.97
U09258,159665.5
U00866,159623.3
U03462,159618.38999999998
U01800,159615.12
U05809,159609.13
U05313,159567.83
U03881,159530.05
U05385,159519.21
U05700,159513.89
U09678,159512.78
U09149,159490.73
U06340,159486.44
U04692,159443.6
U05783,159435.09
U00644,159350.67
U04515,159251.56
U08706,159226.32
U07332,159212.17
U01446,159192.37
U03100,159149.5
U01869,159062.91
U01584,159041.81
U02327,159023.51
U09119,158994.57
U09482,158857.96
U09143,158843.19
U04024,158777.9
U03634,158739.76
U09551,158591.29
U05902,158588.9
U07849,158542.86000000002
U06700,158380.37
U04406,158324.55
U09757,158273.54
U06577,158235.92
U09281,158222.97
U02302,158181.87
U05405,158169.45
U06649,158163.08
U06867,158160.9
U02603,158116.74
U03913,158109.84
U05187,158095.43
U07161,158064.01
U02650,158056.04
U08118,158023.94
U02831,158006.12
U03054,157996.37
U02983,157946.17
U09976,157939.33000000002
U09326,157928.07
U08326,157926.75
U01917,157867.73
U09443,157833.44
U09322,157827.67
U02443,157819.73
U04537,157808.73
U08959,157772.29
U01210,157768.85
U01026,157718.28
U06779,157538.62
U05751,157513.16
U06015,157425.27
U01791,157384.66
U06294,157229.82
U08154,157185.87
U07566,157151.18
U05227,157091.96
U05205,157016.12
U02859,156988.51
U04685,156966.02
U04777,156906.85
U03709,156886.85
U02840,156862.17
U02868,156777.57
U08022,156761.07
U01014,156655.39
U06348,156605.68
U04734,156594.08
U09806,156577.13
U09008,156571.28
U03334,156565.23
U05121,156564.19
U06138,156486.14
U06953,156463.21
U06335,156453.76
U01452,156330.8
U08443,156297.67
U06334,156265.17
U00585,156260.49
U00696,156110.84
U06376,156101.69
U03124,155992.22
U08081,155814.57
U05378,155713.9
U07901,155701.51
U06005,155581.8
U04800,155544.3
U01766,155487.62
U06147,155427.04
U08134,155426.51
U09228,155356.0
U01568,155212.58
U01195,155167.37
U05911,155166.94
U09741,155144.86
U03915,155110.83
U02555,155052.08
U00960,154988.81
U02181,154920.92
U02349,154909.15
U01121,154905.21
U05120,154900.95
U09261,154781.01
U06890,154751.24
U03745,154740.34
U00819,154724.06
U08999,154680.39
U03827,154666.39
U08614,154655.41
U04463,154573.63
U00815,154379.19
U06111,154272.22
U05752,154236.77
U02668,154034.7
U07135,153940.5
U08517,153879.68
U04787,153849.07
U05558,153743.63
U04740,153608.88
U04474,153526.66
U01681,153507.57
U04951,153309.86
U09004,153297.32
U01131,153126.62
U04819,153100.01
U02484,152969.63
U08131,152776.37
U07031,152733.93
U09032,152650.05
U02593,152616.06
U06006,152583.61
U03860,152514.99
U08068,152463.86000000002
U08497,152447.94
U07289,152328.37
U07958,152301.29
U09274,152299.62
U05930,152159.34
U00526,151938.27
U08750,151926.77
U08359,151788.99
U07045,151772.51
U09594,151765.64
U08856,151698.73
U04268,151614.94
U06575,151597.82
U08067,151460.71
U09758,151404.34
U01907,151390.41
U05803,151262.97
U06167,151210.86
U07818,150821.63
U09338,150669.19
U01671,150617.48
U05110,150496.28
U09500,150283.62
U07612,150220.13
U09034,150210.11
U09366,150041.87
U08460,149977.07
U00843,149903.15
U01343,149864.06
U06976,149842.51
U02748,149835.17
U01572,149734.91
U09846,149691.56
U09016,149328.82
U08753,149152.08
U05934,149113.61
U00393,148955.83
U06236,148644.93
U09832,148631.04
U00740,148361.67
U04970,148344.47
U05759,148070.12
U09613,147997.37
U08409,147902.96
U05703,147764.58
U07637,147538.17
U00005,147529.13
U03486,145983.95
U00014,145944.72
U08765,145764.07
U03648,145677.97
U08799,145665.62
U09523,145527.45
U07988,145456.85
U04023,145384.91
U06853,145205.21
U00278,145191.07
U05715,144779.33
U00448,144770.06
U08491,144738.31
U06580,144630.78
U03586,144542.53
U09612,144340.18
U05885,144324.78
U05617,143980.74
U02510,143380.85
U01212,143269.33
U08223,143155.8
U00276,142699.01
U01034,142510.39
U05711,142290.98
U02717,142280.85
U03188,142111.38
U08858,141985.63
U06969,141252.36
U05748,140851.96
U03736,139862.34
U04896,138816.71
U05999,134425.86
U00595,20808.32
U00458,20657.89
U09813,20084.14
U08053,19172.32
U04634,18989.01
U01467,18988.11
U03357,18828.07
U02861,18796.07
U04325,18703.8
U06342,18569.74
U06848,18561.87
U07527,18371.37
U03329,18304.74
U04597,18284.47
U01621,18200.16
U09252,18104.47
U04949,18065.84
U03161,17957.05
U02882,17827.48
U08354,17689.3
U03957,17666.01
U06283,17389.79
U07989,17319.9
U01393,17297.72
U08055,17225.53
U00301,17197.86
U09619,17142.3
U08839,17099.59
U06160,17098.82
U09302,17014.93
U04168,16977.84
U01684,16976.21
U09750,16905.079999999998
U00433,16868.13
U01622,16749.420000000002
U00525,16719.44
U08291,16680.58
U01197,16657.83
U05085,16560.56
U06150,16557.47
U00375,16556.07
U06341,16551.6
U06038,16535.579999999998
U05133,16534.03
U00159,16481.22
U03533,16473.54
U03526,16433.09
U01591,16395.3
U03558,16348.95
U08296,16327.91
U05842,16298.54
U06261,16279.76
U06816,16274.050000000001
U08752,16267.31
U09719,16218.62
U05367,16205.02
U04065,16180.94
U03507,16177.21
U03059,16114.2
U00640,16113.36
U02531,16108.56
U01250,16095.65
U03274,16002.52
U06865,15996.82
U02430,15995.81
U04638,15994.12
U09801,15986.15
U06301,15985.61
U00316,15957.46
U04008,15934.800000000001
U05905,15934.09
U01040,15823.46
U08025,15822.449999999999
U08533,15796.449999999999
U09232,15795.75
U04027,15766.78
U00136,15754.05
U08333,15749.76
U05130,15724.59
U03729,15704.56
U03588,15697.55
U09849,15664.74
U09913,15653.44
U08607,15653.13
U06554,15644.25
U00564,15602.67
U04682,15600.09
U07331,15572.61
U09606,15570.32
U00058,15568.87
U03938,15557.06
U02777,15537.35
U03644,15524.810000000001
U08888,15508.35
U06017,15492.0
U04143,15464.1
U05713,15451.02
U04522,15417.77
U06900,15414.36
U06000,15369.61
U04745,15365.34
U06832,15294.53
U04865,15279.54
U03734,15272.29
U04516,15270.779999999999
U09358,15252.75
U08207,15249.82
U09265,15247.15
U04742,15231.82
U04661,15218.82
U06679,15208.75
U05167,15190.39
U07611,15176.24
U03072,15142.55
U04004,15142.52
U09918,15140.73
U06861,15118.880000000001
U05942,15108.199999999999
U09270,15096.04
U00031,15087.84
U09337,15081.74
U03241,15073.1
U07563,15053.81
U06604,15040.28
U01735,15024.29
U00262,15020.23
U03548,15003.75
U02587,15001.12
U04960,14994.1
U04834,14976.87
U09928,14974.27
U04416,14955.59
U04184,14944.96
U04278,14943.1
U04912,14935.11
U04942,14909.26
U05873,14909.11
U00725,14904.18
U07112,14891.43
U05145,14885.67
U03458,14880.65
U03204,14874.33
U04400,14858.48
U03818,14852.18
U02704,14851.59
U02543,14847.72
U05254,14839.11
U02671,14829.34
U08644,14824.9
U09193,14807.86
U05088,14800.36
U08138,14799.3
U07160,14777.31
U09499,14771.44
U06056,14764.449999999999
U04924,14759.869999999999
U03916,14755.14
U01519,14749.52
U07979,14733.79
U03214,14732.79
U02870,14727.95
U03884,14726.74
U06273,14720.03
U05404,14707.73
U03547,14696.79
U07402,14693.01
U03131,14687.1
U02269,14682.3
U02724,14677.449999999999
U08552,14662.8
U09095,14656.65
U07833,14638.869999999999
U09206,14582.189999999999
U07716,14576.67
U03807,14569.970000000001
U02293,14566.65
U07686,14550.63
U08292,14549.53
U04836,14544.75
U08058,14538.59
U06638,14523.16
U08802,14516.55
U06712,14512.76
U04605,14512.060000000001
U08472,14504.3
U09180,14478.32
U02389,14477.57
U03978,14476.5
U01344,14458.78
U06929,14455.16
U01564,14453.14
U03262,14452.519999999999
U01855,14451.02
U00345,14427.4
U05050,14423.36
U09627,14421.02
U08478,14420.94
U07603,14402.96
U08803,14401.96
U02876,14401.01
U04531,14397.11
U08503,14393.210000000001
U06083,14381.99
U08842,14381.55
U01156,14380.26
U07010,14372.869999999999
U06295,14367.78
U09511,14364.43
U00847,14354.289999999999
U00453,14346.380000000001
U07631,14339.07
U02867,14336.98
U08246,14323.54
U06319,14323.26
U04619,14288.279999999999
U01642,14281.61
U04423,14279.31
U03427,14276.8
U03028,14272.81
U04830,14263.68
U02310,14260.42
U05238,14258.919999999998
U01133,14257.68
U04332,14250.66
U09003,14248.01
U00352,14246.79
U02899,14244.4
U04721,14236.95
U05800,14231.119999999999
U04592,14225.18
U05398,14210.49
U04360,14205.5
U04593,14204.99
U02336,14198.87
U02825,14186.2
U00591,14184.52
U04366,14178.25
U06744,14156.310000000001
U08794,14155.98
U09242,14155.41
U02712,14151.08
U03367,14146.44
U03677,14139.51
U06698,14130.92
U04778,14111.619999999999
U02780,14111.52
U08620,14111.039999999999
U03137,14109.9
U00638,14109.05
U08109,14097.45
U04689,14095.01
U07961,14083.62
U01643,14072.24
U00220,14071.33
U07853,14070.01
U07496,14065.49
U01101,14064.83
U06411,14056.23
U08952,14043.630000000001
U06069,14029.44
U00226,14028.54
U08121,14023.53
U00790,14022.57
U01447,14020.09
U03724,14019.18
U08203,14014.51
U00618,14010.28
U02941,14000.07
U05420,13992.48
U04006,13992.31
U09165,13988.189999999999
U00182,13982.99
U03181,13981.34
U04563,13979.99
U03635,13977.31
U06726,13976.65
U04121,13975.8
U03561,13966.38
U06882,13956.28
U08811,13940.55
U06074,13933.98
U00343,13906.2
U09926,13902.38
U06018,13895.55
U04265,13891.08
U05749,13888.82
U05288,13887.27
U01137,13883.03
U09075,13878.8
U00067,13878.43
U09645,13876.449999999999
U07321,13863.8
U00659,13857.26
U03678,13841.039999999999
U00266,13834.08
U00933,13828.16
U08934,13821.43
U00924,13805.869999999999
U06009,13805.6
U05423,13799.67
U09070,13794.97
U04353,13793.77
U03842,13792.31
U07066,13790.89
U09413,13787.66
U08940,13785.34
U00989,13781.55
U07790,13778.58
U07558,13774.41
U00519,13766.59
U00473,13751.87
U06750,13749.84
U07420,13739.42
U03880,13738.1
U00674,13733.89
U05881,13733.72
U09882,13732.359999999999
U07902,13727.36
U04508,13725.03
U09593,13717.85
U05946,13706.9
U09995,13704.51
U01142,13703.98
U02178,13701.05
U08378,13692.12
U03611,13677.640000000001
U07217,13672.7
U00402,13663.95
U02209,13662.75
U00441,13661.37
U09139,13661.06
U03769,13660.41
U05974,13654.27
U01226,13651.390000000001
U03970,13648.92
U00813,13614.98
U00902,13611.95
U07973,13610.82
U02028,13610.61
U09379,13597.85
U09039,13596.43
U03117,13591.96
U02195,13590.32
U03849,13590.16
U07657,13586.12
U00118,13585.79
U01785,13573.12
U07060,13570.94
U05553,13569.66
U08132,13560.35
U07417,13557.23
U02032,13555.84
U05169,13549.69
U05037,13548.03
U03381,13542.0
U03653,13538.33
U01476,13538.18
U04219,13536.86
U00122,13535.24
U01651,13524.6
U03806,13521.97
U04947,13518.2
U00481,13517.02
U04092,13506.64
U01122,13505.49
U06804,13503.78
U05879,13494.85
U03172,13491.37
U02230,13491.210000000001
U01850,13487.98
U08242,13486.34
U06423,13483.69
U02857,13478.24
U00029,13476.15
U00386,13475.11
U00628,13468.34
U09657,13464.22
U07256,13462.52
U00581,13459.32
U08513,13456.84
U06972,13451.41
U02632,13450.47
U06542,13449.48
U03155,13445.83
U08700,13442.04
U04050,13441.050000000001
U03730,13431.87
U06798,13431.76
U02120,13429.02
U09345,13414.1
U00003,13413.56
U02832,13405.89
U04454,13405.86
U07896,13402.85
U03256,13401.36
U09257,13398.58
U05889,13397.08
U09866,13395.15
U04892,13385.439999999999
U07128,13362.91
U06806,13358.61
U00737,13345.02
U08457,13336.16
U03337,13329.93
U00421,13322.94
U08631,13321.93
U00754,13307.8
U03667,13307.47
U07856,13305.42
U06847,13302.08
U01058,13285.56
U06325,13285.23
U08234,13283.3
U00475,13280.83
U09329,13273.789999999999
U08156,13267.86
U07643,13264.46
U07223,13260.72
U02516,13257.65
U09950,13257.17
U02008,13253.98
U04242,13251.69
U06363,13243.34
U07162,13236.66
U00004,13234.99
U01682,13232.25
U08334,13231.92
U06482,13229.54
U03235,13224.07
U08950,13215.92
U04173,13214.09
U01140,13213.85
U09495,13203.279999999999
U09963,13194.86
U03930,13193.08
U04005,13188.72
U09046,13188.36
U04236,13187.8
U06079,13187.73
U04650,13182.86
U05510,13180.6
U05642,13179.6
U02403,13178.9
U06906,13178.88
U07212,13176.63
U03142,13173.699999999999
U02608,13169.47
U01391,13163.64
U09078,13162.52
U03191,13158.75
U07894,13157.7
U09222,13157.47
U03173,13154.19
U02204,13149.75
U01972,13146.61
U00796,13141.25
U04817,13139.48
U03725,13138.94
U00661,13138.34
U05745,13132.55
U03510,13130.53
U05836,13118.47
U05789,13117.55
U08603,13115.630000000001
U02018,13115.55
U07915,13114.32
U00382,13113.73
U04601,13112.22
U03546,13105.21
U03580,13099.22
U06844,13098.53
U03345,13098.34
U07659,13097.14
U01824,13094.89
U09675,13093.59
U05151,13092.35
U03749,13089.02
U09504,13087.720000000001
U04702,13085.17
U05740,13084.83
U04631,13082.75
U02736,13076.61
U05502,13074.06
U09930,13073.09
U08316,13071.83
U07011,13071.34
U06072,13065.51
U08253,13065.15
U00425,13064.039999999999
U02946,13055.890000000001
U01967,13051.25
U06880,13051.08
U02791,13050.050000000001
U09412,13047.55
U05829,13046.66
U09919,13043.64
U00175,13043.58
U01658,13041.52
U09704,13038.18
U04810,13030.31
U08718,13030.04
U07705,13029.96
U08621,13029.41
U00503,13015.49
U07605,13011.28
U04029,12999.52
U05302,12999.15
U05324,12981.27
U05784,12977.01
U00835,12969.61
U04215,12963.17
U02319,12959.460000000001
U08036,12958.29
U02143,12958.16
U04123,12955.02
U02597,12953.08
U09774,12951.17
U07252,12946.300000000001
U02125,12945.04
U02547,12943.919999999998
U06860,12943.69
U05993,12934.59
U01355,12928.72
U07550,12928.52
U00312,12926.86
U06429,12924.78
U03587,12921.77
U02355,12920.74
U04124,12920.35
U03396,12917.0
U08604,12916.65
U07196,12914.59
U08610,12912.09
U05193,12906.65
U04510,12905.59
U00669,12903.49
U01193,12901.73
U06945,12899.12
U02937,12897.539999999999
U05194,12896.17
U05854,12891.24
U02618,12877.74
U04820,12877.6
U09096,12868.52
U04946,12866.22
U04355,12857.66
U01958,12855.96
U03492,12855.0
U02932,12852.52
U05131,12845.88
U08951,12838.97
U08406,12834.42
U09192,12828.23
U02282,12827.5
U03665,12826.19
U06484,12825.31
U01767,12823.78
U09961,12817.27
U03870,12815.31
U01468,12814.17
U00073,12810.0
U04274,12792.48
U07680,12790.51
U06162,12783.650000000001
U09835,12782.15
U01637,12780.68
U01950,12778.49
U09724,12776.25
U05664,12774.89
U07666,12770.17
U01509,12769.67
U09761,12763.31
U06790,12763.17
U01377,12759.7
U05005,12755.83
U07259,12754.27
U00462,12753.27
U01262,12750.82
U05271,12750.41
U05449,12750.25
U03195,12746.09
U01438,12743.27
U09781,12742.59
U05629,12741.73
U09247,12738.380000000001
U07948,12733.93
U00710,12733.470000000001
U09309,12730.26
U00541,12728.51
U04101,12727.619999999999
U02855,12721.3
U03906,12720.24
U02901,12717.33
U00298,12715.51
U05795,12714.08
U05479,12709.07
U09844,12702.93
U03416,12700.52
U04551,12699.31
U03779,12697.51
U05811,12695.96
U02845,12695.74
U09049,12694.05
U08026,12693.92
U03508,12693.68
U05815,12691.33
U04693,12685.380000000001
U04527,12684.6
U09430,12677.43
U09639,12676.32
U06946,12664.39
U04481,12663.93
U05937,12663.06
U09057,12660.69
U07874,12660.68
U07307,12658.49
U07012,12658.27
U02866,12653.41
U09012,12652.59
U05581,12651.75
U05773,12645.97
U07965,12638.82
U08294,12631.81
U02679,12626.11
U02034,12624.57
U00706,12624.14
U02396,12623.59
U06175,12621.33
U05923,12620.869999999999
U07704,12619.02
U06213,12618.83
U06960,12616.03
U00889,12615.32
U00771,12614.96
U04395,12614.83
U05956,12614.779999999999
U07188,12606.64
U04455,12605.81
U06326,12600.15
U02386,12591.41
U09556,12591.08
U02903,12588.76
U02765,12579.98
U05082,12572.52
U06116,12571.81
U07633,12570.380000000001
U08039,12568.79
U03477,12562.72
U06250,12559.789999999999
U00039,12557.58
U05355,12552.09
U05691,12548.42
U06145,12548.12
U08302,12547.62
U05767,12545.93
U06024,12543.369999999999
U04644,12536.84
U07182,12535.51
U09502,12532.71
U08090,12532.57
U02440,12530.199999999999
U00064,12527.87
U01225,12523.56
U05555,12522.76
U08451,12520.86
U04519,12517.76
U02392,12514.79
U09478,12514.23
U06225,12512.45
U04707,12510.29
U01801,12508.8
U06740,12508.12
U05633,12507.9
U00938,12507.3
U07485,12504.97
U04393,12504.6
U08155,12502.52
U03065,12502.43
U06130,12500.96
U03211,12499.06
U05086,12498.94
U09219,12494.12
U00046,12492.1
U05746,12489.24
U01196,12489.11
U03549,12481.44
U08393,12481.31
U04070,12481.12
U00164,12478.66
U03269,12474.88
U08212,12473.22
U07233,12467.18
U00720,12460.73
U02080,12460.13
U08273,12460.01
U04498,12456.96
U08734,12447.51
U06040,12444.7
U08161,12444.33
U04155,12442.300000000001
U09460,12442.25
U04616,12441.73
U05871,12431.5
U09569,12421.62
U07635,12406.4
U01372,12404.9
U07672,12404.81
U01234,12403.29
U09738,12398.300000000001
U05526,12392.44
U09716,12390.55
U05931,12381.89
U08199,12379.869999999999
U02719,12379.54
U01687,12377.46
U06989,12374.37
U04491,12374.21
U02046,12369.32
U08029,12365.96
U00812,12363.279999999999
U05435,12358.210000000001
U04145,12357.56
U06362,12357.36
U04574,12355.51
U05913,12355.449999999999
U09132,12353.88
U05847,12333.74
U07872,12330.89
U04847,12329.76
U06991,12325.51
U07955,12324.58
U07477,12324.36
U06821,12321.02
U06473,12320.44
U01697,12318.24
U00953,12317.44
U01957,12312.43
U05595,12297.51
U03113,12293.2
U08028,12292.2
U01297,12290.4
U07630,12288.57
U08955,12287.15
U07015,12279.38
U00107,12279.31
U01685,12277.53
U03875,12277.12
U08979,12275.53
U06451,12273.539999999999
U03042,12273.02
U06692,12270.85
U08784,12270.34
U01932,12269.43
U06243,12268.67
U03348,12268.51
U07934,12267.6
U01666,12267.23
U02221,12258.89
U07215,12255.869999999999
U04359,12252.86
U08263,12251.960000000001
U03413,12245.119999999999
U06963,12239.66
U00267,12239.01
U03008,12238.050000000001
U03688,12236.91
U00287,12235.880000000001
U00158,12235.67
U04113,12229.07
U00642,12228.59
U01209,12223.03
U01300,12222.9
U06748,12222.88
U02560,12220.51
U07615,12218.6
U03405,12218.03
U07533,12210.14
U06689,12208.97
U03751,12208.859999999999
U07935,12208.63
U06336,12206.47
U07059,12201.4
U07557,12200.89
U00842,12198.85
U07218,12198.09
U04019,12196.98
U09598,12196.77
U06137,12190.99
U00522,12190.21
U08160,12188.35
U06594,12181.62
U05455,12179.46
U04775,12177.09
U06502,12177.04
U08712,12172.41
U07982,12167.49
U04806,12164.189999999999
U08781,12163.74
U02569,12162.05
U05676,12157.97
U02798,12157.48
U05138,12157.44
U06142,12150.52
U03822,12147.52
U00279,12145.21
U08264,12139.78
U04837,12138.130000000001
U01184,12136.09
U04584,12134.86
U04172,12134.23
U09118,12130.880000000001
U06329,12128.76
U04165,12128.16
U07591,12124.85
U08261,12124.39
U02279,12124.26
U03218,12123.77
U09723,12122.0
U03536,12112.51
U05587,12109.34
U00580,12106.94
U04048,12105.42
U03888,12103.23
U04385,12101.81
U09145,12100.21
U05102,12097.05
U09029,12096.24
U05992,12093.44
U02102,12091.4
U05949,12090.62
U04484,12089.14
U04064,12085.59
U04802,12085.59
U06146,12085.28
U03610,12083.92
U01790,12076.27
U05115,12075.57
U01363,12074.95
U00293,12074.08
U03342,12071.86
U06375,12071.18
U09124,12070.89
U02951,12070.25
U03318,12064.09
U01324,12063.710000000001
U08052,12063.64
U06573,12061.54
U01353,12059.130000000001
U05919,12051.550000000001
U09401,12044.44
U09105,12040.33
U05097,12039.98
U03467,12035.9
U09424,12035.82
U08797,12034.05
U09544,12032.89
U05222,12030.34
U01980,12029.62
U09848,12020.0
U01555,12012.09
U08600,12011.15
U02317,12010.380000000001
U07405,12009.61
U03143,12009.42
U09021,12001.33
U08759,11997.74
U09540,11995.31
U06549,11989.07
U05465,11988.53
U08926,11987.14
U01861,11986.78
U00432,11985.08
U04380,11979.22
U04955,11979.2
U00248,11979.18
U04662,11978.85
U09076,11975.06
U00676,11972.81
U01977,11971.76
U05199,11965.49
U06256,11963.09
U08606,11961.22
U09325,11952.800000000001
U04239,11952.15
U05379,11949.44
U04640,11948.74
U06512,11945.14
U09730,11939.17
U02217,11938.27
U07153,11937.35
U01409,11932.25
U03574,11930.8
U07792,11924.44
U09035,11924.23
U08229,11923.8
U05221,11923.57
U00719,11921.8
U05598,11921.55
U00045,11918.86
U03596,11914.8
U03483,11912.92
U06710,11909.3
U00894,11900.91
U08448,11900.029999999999
U02103,11894.99
U03079,11893.49
U04921,11890.36
U05721,11890.21
U08208,11889.289999999999
U02012,11887.83
U05141,11886.04
U06456,11885.81
U06999,11884.76
U08106,11883.15
U00781,11874.81
U09140,11870.26
U06270,11867.96
U07040,11867.86
U05634,11866.91
U03845,11862.83
U09725,11860.68
U09299,11859.11
U05057,11854.57
U08736,11851.33
U05103,11849.95
U07462,11849.56
U05285,11849.15
U02416,11848.3
U02077,11847.41
U04419,11845.97
U01722,11841.98
U00013,11839.01
U07863,11837.99
U09171,11832.01
U02067,11830.23
U05788,11829.57
U06894,11828.81
U00311,11826.49
U08735,11823.37
U00972,11821.619999999999
U00184,11816.69
U05531,11812.26
U01198,11812.11
U00342,11811.62
U03659,11810.79
U09933,11808.59
U02674,11808.199999999999
U03585,11807.58
U09298,11803.91
U06801,11802.44
U02729,11798.15
U05343,11794.94
U07592,11792.38
U06922,11788.73
U05817,11786.41
U01283,11786.24
U09591,11784.49
U02741,11783.99
U04991,11782.32
U03990,11780.970000000001
U02663,11780.51
U06588,11778.61
U07933,11778.26
U05678,11777.41
U06579,11776.59
U05377,11776.56
U01765,11776.04
U01883,11774.619999999999
U04627,11769.76
U00982,11767.8
U02400,11767.41
U09935,11765.58
U03603,11763.43
U08562,11761.51
U08530,11761.25
U04111,11758.64
U01860,11754.72
U04675,11751.18
U06337,11749.62
U00106,11748.51
U02048,11747.07
U02612,11744.35
U06177,11741.6
U03614,11739.39
U01247,11739.01
U00603,11737.98
U00007,11734.32
U01057,11733.45
U03016,11732.28
U03516,11732.08
U05826,11731.82
U05774,11730.89
U01606,11729.12
U06464,11728.619999999999
U06204,11725.97
U00583,11720.0
U01852,11716.86
U08576,11711.09
U04980,11709.57
U00991,11708.06
U06626,11702.54
U09853,11702.21
U09623,11698.47
U00227,11697.11
U01585,11696.13
U08782,11695.83
U07146,11690.77
U02540,11687.460000000001
U08023,11685.56
U09649,11683.28
U05520,11681.41
U03047,11679.68
U03679,11675.92
U06667,11674.83
U07604,11673.78
U05698,11671.210000000001
U01147,11669.52
U00691,11667.75
U05922,11666.72
U01710,11666.23
U07913,11665.33
U05864,11664.76
U04185,11660.43
U02756,11656.5
U06408,11654.83
U05451,11651.800000000001
U00205,11651.69
U08804,11651.41
U08475,11650.33
U05537,11646.67
U02624,11646.279999999999
U06410,11646.2
U02183,11642.48
U00120,11642.28
U01477,11638.24
U09703,11637.26
U04074,11632.65
U01008,11632.08
U01248,11631.82
U05257,11631.32
U03259,11630.1
U02249,11626.94
U00250,11622.54
U03474,11621.7
U03053,11620.71
U01388,11615.96
U06749,11609.75
U01826,11605.449999999999
U07578,11603.27
U04186,11602.73
U03690,11597.61
U06614,11595.22
U06961,11595.0
U05163,11592.75
U01243,11592.01
U00354,11590.37
U04059,11587.810000000001
U08490,11586.14
U08629,11582.49
U01757,11580.71
U07310,11579.13
U05936,11577.880000000001
U08062,11577.31
U00952,11575.6
U09173,11573.699999999999
U01439,11564.76
U07194,11564.08
U01322,11561.17
U06460,11558.36
U00545,11557.43
U08673,11556.14
U00365,11553.94
U09310,11552.93
U01238,11549.39
U01652,11546.1
U00956,11544.4
U03285,11543.9
U08642,11543.62
U08360,11542.42
U07242,11536.18
U05507,11534.5
U05462,11534.36
U09702,11527.97
U02820,11525.72
U02500,11520.44
U08684,11520.29
U06923,11518.91
U08146,11512.89
U00077,11512.85
U06285,11511.37
U02176,11510.93
U09045,11509.66
U07460,11504.41
U02049,11501.6
U08436,11501.45
U00769,11497.93
U09733,11496.82
U03251,11496.81
U02059,11494.7
U03370,11491.85
U09608,11491.3
U07668,11490.51
U08550,11487.18
U07400,11482.92
U04546,11482.76
U02460,11482.71
U03199,11479.539999999999
U09243,11479.06
U02851,11475.97
U02568,11475.33
U09876,11472.52
U03009,11472.41
U09833,11468.800000000001
U05174,11466.73
U00817,11465.04
U01261,11461.62
U06219,11461.3
U04312,11459.63
U00648,11456.029999999999
U03276,11456.0
U02629,11450.91
U05925,11448.31
U04452,11446.880000000001
U08115,11445.49
U04938,11436.59
U04585,11436.06
U09974,11435.130000000001
U01759,11433.3
U06760,11433.21
U00066,11431.63
U04766,11430.97
U02031,11427.61
U06026,11426.36
U02159,11424.789999999999
U04147,11424.25
U03481,11423.460000000001
U09244,11422.67
U02060,11420.07
U08904,11419.23
U00826,11419.0
U06229,11418.91
U02595,11417.01
U06871,11415.95
U02558,11413.960000000001
U08847,11413.44
U02160,11412.92
U08704,11411.54
U08151,11411.04
U06369,11409.65
U09410,11407.8
U07301,11407.53
U09314,11402.96
U01880,11397.85
U07616,11397.630000000001
U05856,11397.25
U07667,11395.58
U01146,11390.75
U06216,11389.52
U03604,11386.92
U07824,11386.55
U08088,11385.19
U06930,11381.84
U04674,11380.67
U09624,11379.28
U02647,11378.95
U06461,11377.9
U09048,11377.77
U07789,11374.380000000001
U02964,11370.37
U08239,11369.51
U04450,11368.380000000001
U07094,11364.43
U00845,11363.82
U09767,11363.039999999999
U04443,11362.24
U08725,11355.58
U00204,11352.67
U00508,11350.22
U00516,11347.28
U07068,11346.539999999999
U01361,11345.44
U01127,11344.6
U03859,11343.48
U08531,11343.29
U08973,11339.4
U08301,11339.039999999999
U02613,11335.26
U02528,11334.22
U09459,11330.18
U01083,11329.92
U07285,11327.630000000001
U02885,11325.81
U07759,11325.64
U05118,11325.41
U05486,11324.67
U01275,11324.65
U03498,11322.25
U07861,11319.8
U04615,11318.27
U03991,11317.57
U01408,11316.64
U04053,11316.210000000001
U03663,11315.01
U04197,11312.63
U06670,11307.14
U08649,11305.42
U02940,11304.7
U00105,11303.16
U05259,11298.79
U00778,11295.84
U08645,11294.1
U07108,11292.83
U08822,11290.11
U05823,11284.210000000001
U00613,11283.619999999999
U05785,11282.79
U08669,11281.97
U07286,11281.07
U08128,11280.9
U08200,11279.14
U03814,11277.36
U04314,11277.2
U04271,11274.48
U01569,11271.21
U00114,11269.74
U06967,11263.97
U03073,11259.060000000001
U00047,11258.85
U02898,11255.0
U02790,11253.92
U02992,11251.18
U01148,11244.67
U01890,11243.81
U08050,11242.07
U01761,11241.76
U08435,11241.39
U06106,11238.07
U05430,11237.03
U07766,11236.99
U08228,11232.51
U02955,11231.04
U03230,11228.24
U02464,11227.15
U02415,11227.0
U06767,11225.62
U09079,11225.04
U01059,11220.119999999999
U04253,11218.119999999999
U06036,11217.960000000001
U09899,11215.43
U01963,11213.91
U04205,11213.27
U03758,11213.02
U00461,11212.14
U08474,11210.9
U00699,11209.65
U01810,11209.51
U06862,11209.15
U05034,11205.83
U05396,11202.55
U05778,11201.5
U02097,11198.48
U06061,11196.99
U04939,11193.9
U00569,11192.72
U01077,11192.46
U06494,11191.9
U08677,11190.63
U05135,11189.95
U01946,11189.48
U08616,11188.07
U04736,11185.939999999999
U04723,11184.58
U03620,11182.56
U05363,11178.539999999999
U05706,11178.17
U07774,11177.73
U02264,11177.35
U04273,11175.66
U04823,11175.2
U08180,11169.74
U06943,11168.79
U04465,11163.58
U06087,11162.05
U09634,11161.11
U07372,11158.34
U08539,11158.19
U05283,11153.34
U03801,11152.48
U04841,11151.87
U03428,11148.94
U05415,11148.81
U09082,11148.289999999999
U05354,11147.42
U09343,11146.49
U07622,11143.73
U01940,11143.09
U01550,11142.15
U05726,11140.58
U03021,11140.26
U08108,11138.869999999999
U01050,11138.54
U02986,11138.48
U02485,11138.119999999999
U07113,11136.19
U05464,11135.01
U07746,11125.73
U03909,11117.63
U08691,11111.19
U04795,11109.93
U00223,11108.1
U09902,11106.72
U05965,11106.48
U08447,11096.56
U08868,11094.94
U07693,11094.81
U05125,11091.94
U02259,11090.77
U03323,11090.04
U04257,11085.07
U05224,11083.64
U09559,11082.49
U06333,11081.92
U09759,11079.99
U05312,11074.9
U08456,11073.380000000001
U01726,11069.37
U07869,11062.59
U08308,11060.66
U00012,11056.36
U06984,11055.94
U00435,11055.43
U00634,11053.95
U06618,11053.38
U00261,11051.47
U09790,11048.970000000001
U01856,11044.64
U06262,11043.74
U04930,11040.779999999999
U00451,11039.33
U01076,11037.66
U09071,11034.5
U02497,11034.42
U06568,11034.22
U03112,11034.11
U03321,11033.06
U08202,11032.21
U07518,11030.81
U00511,11028.8
U09213,11025.77
U01837,11025.29
U05869,11024.18
U02809,11022.19
U04477,11019.79
U06053,11019.32
U03738,11019.16
U00190,11018.92
U06190,11011.37
U07495,11010.029999999999
U08902,11009.28
U09014,11009.01
U02147,11006.92
U01892,11006.3
U05762,11005.72
U08349,11004.76
U03164,10998.25
U05431,10998.24
U08209,10998.18
U07995,10997.02
U06765,10994.48
U08392,10994.48
U00958,10993.91
U01051,10992.62
U09737,10992.21
U07530,10989.16
U00561,10986.49
U01596,10984.94
U00858,10984.54
U01435,10984.16
U01895,10982.45
U06810,10979.4
U00825,10975.37
U03971,10973.45
U03224,10972.94
U05580,10963.18
U09512,10963.08
U02502,10963.07
U02642,10962.779999999999
U09508,10961.28
U08624,10959.289999999999
U09808,10958.51
U09234,10957.64
U06851,10952.36
U07859,10950.93
U06065,10950.68
U05500,10948.630000000001
U06215,10947.01
U00483,10942.59
U09066,10941.53
U07384,10940.31
U04986,10940.18
U09092,10939.03
U05204,10938.64
U00559,10937.32
U07765,10934.36
U02900,10931.970000000001
U03366,10931.87
U00454,10931.0
U02879,10930.77
U03705,10930.62
U05875,10929.03
U02422,10926.6
U02013,10926.59
U05679,10925.529999999999
U02144,10922.220000000001
U01984,10920.39
U03742,10920.07
U02808,10916.58
U02959,10915.539999999999
U07524,10914.11
U09740,10910.83
U08795,10905.98
U04163,10905.77
U01442,10904.98
U08895,10901.3
U03589,10900.84
U07607,10900.4
U04730,10899.57
U04063,10899.21
U07752,10897.77
U04446,10897.18
U07515,10897.17
U08417,10896.64
U02417,10895.63
U06034,10894.09
U01480,10893.55
U04486,10889.02
U06372,10888.57
U04720,10887.8
U01951,10887.77
U01948,10887.06
U09304,10884.5
U03517,10883.88
U05079,10883.3
U04425,10882.72
U02172,10880.81
U06695,10876.89
U03308,10873.07
U04666,10872.91
U03307,10870.61
U07195,10870.37
U02494,10869.32
U05516,10868.53
U06818,10866.95
U05129,10866.81
U05849,10865.56
U02109,10865.45
U07646,10865.32
U02275,10863.45
U08165,10861.49
U07287,10859.39
U09439,10858.84
U01346,10855.73
U01098,10854.58
U03121,10850.89
U02928,10850.76
U09305,10850.53
U02897,10847.99
U08549,10847.45
U09791,10846.720000000001
U04096,10845.59
U08358,10845.09
U00807,10845.07
U02113,10844.650000000001
U00210,10843.99
U05253,10843.75
U01263,10842.42
U07336,10841.93
U00515,10839.83
U09820,10838.29
U06836,10837.630000000001
U07225,10836.52
U08251,10836.35
U06609,10835.75
U09914,10835.04
U06713,10832.64
U04889,10831.41
U09518,10829.03
U06957,10828.44
U09370,10827.1
U01485,10825.68
U05196,10825.289999999999
U03288,10824.789999999999
U05383,10824.26
U07497,10823.67
U03675,10823.130000000001
U08466,10821.43
U04193,10820.0
U03731,10819.46
U01285,10817.77
U01445,10817.59
U05525,10816.529999999999
U09621,10816.42
U01809,10815.71
U07324,10815.18
U06052,10814.65
U09921,10811.61
U06947,10808.09
U09433,10803.35
U06096,10802.56
U09122,10802.34
U02424,10801.269999999999
U09117,10801.07
U05855,10800.68
U09262,10799.58
U09457,10799.49
U07099,10798.27
U00446,10798.18
U04633,10796.99
U02054,10795.35
U04572,10794.7
U00616,10791.46
U06290,10791.14
U03180,10788.84
U00405,10787.43
U02678,10785.97
U01434,10784.65
U06530,10784.23
U04361,10783.72
U05953,10782.09
U03883,10778.23
U01728,10777.34
U06031,10774.31
U05944,10774.17
U02331,10774.1
U07130,10771.8
U02397,10771.57
U07449,10770.22
U09583,10769.69
U00193,10762.18
U07408,10761.24
U04392,10759.960000000001
U02105,10759.41
U06199,10756.76
U04398,10756.630000000001
U09727,10755.52
U04447,10754.32
U01879,10751.86
U03857,10749.65
U04893,10749.42
U04936,10749.26
U08231,10747.87
U08465,10747.76
U04327,10747.1
U08650,10744.67
U09027,10738.07
U06280,10737.41
U08320,10736.26
U04609,10735.95
U04051,10732.8
U01130,10731.05
U05112,10727.89
U05938,10726.72
U01943,10725.95
U01543,10724.79
U04568,10724.21
U01216,10723.67
U02151,10722.55
U06828,10722.45
U06430,10718.58
U08063,10716.89
U00328,10715.539999999999
U07520,10714.18
U08532,10714.12
U01366,10714.04
U01902,10713.22
U04547,10712.210000000001
U06507,10711.71
U03383,10707.77
U00931,10706.79
U06172,10704.39
U02070,10703.65
U03700,10701.68
U03494,10700.83
U04302,10700.14
U02140,10695.63
U00824,10694.81
U06669,10691.07
U04697,10689.91
U03176,10686.41
U02035,10686.119999999999
U02535,10684.98
U09221,10684.71
U06686,10684.58
U08971,10683.8
U07964,10683.62
U06599,10680.3
U03904,10680.02
U06082,10679.81
U08580,10676.41
U04673,10674.53
U02146,10674.46
U09475,10671.320000000002
U02019,10665.59
U00760,10665.5
U07125,10665.49
U06541,10665.47
U07889,10665.23
U09642,10663.64
U01102,10663.6
U00695,10662.77
U03594,10662.06
U06601,10660.5
U06940,10659.06
U09220,10654.86
U07211,10654.16
U07644,10652.4
U06842,10651.38
U09603,10650.52
U08153,10649.32
U05242,10647.17
U09943,10647.11
U03246,10646.460000000001
U06174,10643.0
U07717,10642.59
U01384,10642.23
U03963,10639.3
U06702,10638.14
U03624,10636.44
U02411,10635.29
U07632,10634.53
U08051,10633.84
U03395,10629.65
U03886,10629.42
U04899,10629.11
U02954,10627.54
U02767,10625.76
U05273,10625.27
U03082,10623.77
U03882,10621.77
U01092,10621.68
U04883,10621.22
U03866,10620.89
U06133,10619.210000000001
U01183,10618.42
U00038,10617.79
U06343,10617.19
U03275,10616.9
U01834,10611.95
U07692,10610.84
U09249,10610.01
U06386,10608.3
U06197,10605.69
U09130,10605.67
U08119,10603.82
U05638,10603.27
U00090,10602.78
U00347,10600.08
U03140,10599.86
U05696,10597.53
U05766,10594.86
U00414,10593.77
U07523,10593.63
U00102,10593.09
U02763,10592.300000000001
U08815,10591.78
U01952,10590.22
U02718,10587.76
U02431,10587.51
U01269,10586.62
U03109,10586.55
U02800,10585.27
U09857,10582.1
U02665,10580.55
U06253,10579.74
U08376,10579.449999999999
U03205,10578.85
U07562,10576.71
U09798,10574.43
U01258,10573.74
U09369,10573.06
U03048,10572.98
U08191,10572.43
U03351,10572.08
U08487,10571.79
U06207,10570.83
U08557,10565.93
U00236,10565.91
U03995,10564.72
U02391,10564.71
U06450,10563.25
U08555,10561.45
U07428,10560.19
U00376,10558.99
U05573,10557.01
U08383,10554.48
U05307,10553.97
U09372,10551.31
U01107,10550.95
U09673,10550.43
U07145,10549.5
U08309,10548.38
U03515,10545.26
U01138,10543.82
U06521,10542.31
U02226,10541.85
U00798,10539.98
U03632,10536.13
U01571,10533.08
U06148,10532.54
U08641,10531.78
U04518,10530.2
U04449,10529.14
U01799,10526.76
U06277,10526.7
U01693,10526.13
U07638,10524.2
U04181,10521.86
U05736,10521.68
U01840,10521.54
U07572,10521.13
U00651,10519.97
U02155,10518.37
U05461,10517.8
U02739,10514.130000000001
U06971,10512.630000000001
U04703,10511.89
U02301,10511.41
U04350,10511.33
U08758,10508.63
U00161,10502.2
U00684,10502.09
U05820,10498.77
U07983,10497.7
U09906,10497.5
U09602,10497.23
U02877,10497.1
U03258,10495.52
U08506,10495.460000000001
U03720,10494.779999999999
U08216,10493.83
U01484,10492.55
U00216,10491.93
U08849,10491.710000000001
U00196,10489.54
U00743,10488.16
U07046,10487.84
U00186,10487.27
U03319,10486.74
U07788,10478.83
U06518,10478.8
U07684,10475.63
U03228,10475.2
U01691,10474.88
U05582,10474.86
U03202,10474.75
U07800,10471.83
U03788,10469.33
U08243,10468.44
U08452,10467.3
U08638,10467.14
U00176,10466.53
U03714,10465.29
U07947,10459.93
U07036,10458.43
U02062,10458.32
U09327,10458.27
U09481,10457.9
U04562,10454.8
U02591,10453.59
U04201,10451.53
U03107,10450.369999999999
U00877,10450.02
U06247,10448.42
U09610,10447.67
U09491,10445.59
U09868,10444.38
U02281,10442.91
U02022,10441.84
U03564,10437.369999999999
U06486,10436.460000000001
U06067,10435.69
U02975,10434.52
U06529,10433.8
U00629,10432.98
U08566,10432.18
U02639,10431.15
U01964,10430.4
U06320,10428.07
U06709,10427.87
U09581,10426.86
U01620,10423.220000000001
U00457,10420.42
U00401,10419.59
U02601,10418.810000000001
U02638,10417.59
U03197,10417.31
U03830,10417.14
U06382,10415.66
U03698,10411.9
U07385,10409.6
U00917,10409.36
U02161,10407.95
U09083,10407.76
U05116,10406.84
U02521,10406.15
U01081,10405.7
U02541,10405.58
U06537,10404.78
U06783,10403.99
U09142,10402.52
U05447,10398.55
U01265,10396.37
U08613,10393.26
U06893,10391.7
U08181,10389.82
U02447,10389.15
U09768,10388.76
U01871,10388.26
U08325,10383.33
U01974,10382.460000000001
U07742,10382.17
U06252,10382.05
U06171,10380.33
U09163,10379.95
U09286,10379.93
U01708,10379.83
U07131,10378.73
U05845,10378.34
U00135,10378.12
U06785,10376.98
U04630,10374.15
U09981,10374.04
U04396,10373.43
U00396,10371.12
U09684,10371.08
U09713,10370.380000000001
U03861,10369.93
U06091,10369.73
U01552,10368.8
U05416,10368.11
U00943,10365.78
U06535,10364.88
U06788,10360.71
U07106,10360.210000000001
U02323,10359.66
U05230,10359.32
U05317,10356.07
U02315,10355.24
U06566,10355.13
U07274,10354.82
U03965,10354.68
U09306,10353.76
U04760,10353.51
U08305,10350.58
U07942,10348.29
U04217,10347.53
U05840,10346.36
U05996,10345.6
U08660,10344.98
U03790,10343.99
U01889,10343.79
U08937,10340.81
U07005,10334.32
U05508,10330.97
U05207,10330.35
U02966,10326.25
U02100,10324.31
U05743,10322.68
U08861,10322.63
U02047,10322.449999999999
U07793,10319.84
U00582,10319.45
U02939,10318.02
U06958,10317.55
U05850,10316.59
U07254,10316.529999999999
U00146,10314.49
U01431,10313.619999999999
U08719,10313.36
U09957,10310.91
U00070,10310.01
U08348,10308.76
U03236,10308.28
U09687,10307.86
U00103,10307.55
U07202,10307.51
U08141,10306.98
U02987,10306.11
U05369,10304.89
U00730,10303.6
U05282,10303.32
U01599,10302.89
U02922,10300.77
U06248,10299.25
U00297,10298.59
U08825,10298.16
U05695,10298.119999999999
U00060,10297.53
U04881,10295.77
U09939,10289.53
U04405,10289.38
U03697,10288.74
U02131,10286.18
U08107,10286.02
U06476,10282.24
U08426,10282.14
U03479,10280.43
U08250,10279.279999999999
U07864,10279.23
U06640,10278.31
U01614,10277.61
U07623,10276.81
U00665,10276.3
U03853,10274.8
U07464,10273.960000000001
U08880,10273.68
U08585,10271.33
U09416,10270.01
U08103,10269.51
U06540,10267.68
U04141,10263.66
U05241,10262.99
U06899,10260.45
U09505,10259.289999999999
U02083,10258.54
U07628,10257.35
U09765,10257.23
U07535,10256.25
U06659,10255.58
U08190,10253.23
U08568,10252.55
U01779,10252.55
U07085,10252.16
U08336,10251.46
U06928,10251.17
U07960,10250.33
U03248,10249.76
U06805,10249.17
U05183,10248.54
U07585,10247.23
U08627,10245.77
U04296,10244.32
U02688,10241.66
U01701,10240.4
U05384,10237.619999999999
U07020,10236.26
U00323,10235.15
U06620,10230.98
U03984,10228.98
U09956,10228.38
U03158,10228.37
U01789,10227.66
U00398,10224.92
U01636,10222.38
U03889,10220.53
U03820,10216.65
U09392,10216.220000000001
U03581,10212.78
U07077,10212.28
U00850,10210.07
U07878,10207.61
U00372,10205.880000000001
U02649,10203.33
U02689,10203.13
U06572,10202.8
U08589,10202.47
U08489,10201.220000000001
U08958,10198.15
U01611,10197.29
U09696,10196.37
U09910,10194.67
U09515,10194.66
U05511,10194.22
U02644,10190.44
U09909,10187.11
U08873,10178.99
U08016,10178.49
U07304,10177.039999999999
U06499,10175.6
U06404,10175.58
U01126,10172.710000000001
U08857,10168.880000000001
U02947,10168.25
U04075,10167.27
U04856,10166.66
U06062,10165.199999999999
U09837,10163.0
U08646,10162.51
U07807,10161.61
U01516,10160.85
U03149,10151.19
U03701,10148.98
U04874,10148.16
U08896,10146.21
U07253,10145.28
U03227,10145.27
U00633,10140.67
U05589,10140.16
U07442,10139.93
U04476,10137.22
U08992,10136.48
U05792,10136.45
U00300,10135.96
U04928,10133.529999999999
U03760,10133.23
U04764,10132.89
U04933,10132.45
U02961,10131.7
U04149,10131.59
U00215,10130.28
U04759,10128.58
U02584,10128.45
U01914,10125.82
U00513,10124.28
U01293,10122.97
U04875,10122.51
U07573,10121.92
U04962,10121.55
U02794,10120.84
U07590,10120.25
U00242,10119.82
U02824,10119.63
U02433,10118.41
U03295,10118.34
U06757,10117.29
U01771,10117.26
U09676,10116.41
U04649,10114.16
U04552,10114.13
U08755,10113.9
U06480,10113.88
U05782,10113.029999999999
U03599,10112.68
U09815,10111.77
U08863,10109.11
U05717,10108.87
U04251,10107.68
U03662,10107.35
U05100,10107.14
U09209,10102.18
U01252,10102.07
U05607,10101.77
U00652,10101.42
U06063,10100.5
U04142,10100.39
U05139,10099.44
U05375,10098.39
U05487,10097.55
U01043,10096.81
U06891,10095.82
U08384,10095.36
U05075,10093.29
U04797,10092.83
U08048,10092.539999999999
U02219,10091.43
U03114,10089.8
U04102,10087.34
U08881,10085.8
U04588,10082.5
U03968,10082.41
U05293,10081.89
U07465,10080.62
U01872,10078.65
U04025,10078.289999999999
U09536,10077.720000000001
U00998,10076.42
U09177,10074.96
U04354,10074.81
U06108,10074.12
U05624,10074.11
U06855,10073.02
U02222,10071.39
U01866,10070.699999999999
U04798,10069.22
U02943,10069.07
U02730,10065.630000000001
U08633,10064.37
U04156,10064.0
U08338,10063.15
U00260,10054.460000000001
U00834,10053.25
U09824,10052.08
U04713,10050.94
U05023,10050.86
U00094,10047.75
U06758,10044.72
U01694,10044.42
U03524,10044.41
U05565,10043.32
U06042,10042.84
U08643,10041.539999999999
U04533,10041.119999999999
U05533,10039.119999999999
U05935,10038.89
U02095,10036.79
U02725,10036.24
U06361,10035.36
U00464,10035.03
U06208,10034.6
U01173,10032.04
U08221,10028.92
U07214,10028.42
U07154,10027.27
U07187,10026.52
U00649,10026.1
U06687,10025.77
U09235,10025.269999999999
U06314,10022.46
U07067,10022.44
U02755,10021.41
U08402,10017.82
U03136,10017.35
U05991,10016.85
U01562,10016.41
U08957,10014.79
U09952,10013.17
U01839,10008.4
U07333,10007.460000000001
U05530,10007.33
U03879,10004.61
U01341,10002.720000000001
U02773,10002.11
U04045,9998.41
U09564,9997.64
U07200,9997.119999999999
U04387,9996.93
U03878,9995.34
U06478,9994.6
U07427,9994.51
U01630,9992.77
U07842,9992.7
U02797,9992.46
U09693,9991.99
U02350,9989.6
U09530,9989.27
U00578,9989.02
U09055,9988.789999999999
U04017,9987.72
U07042,9987.31
U08280,9986.92
U01143,9985.23
U08287,9985.15
U03179,9985.02
U03006,9983.1
U01436,9982.5
U04482,9982.119999999999
U02090,9981.039999999999
U05016,9979.59
U05152,9978.04
U07769,9977.7
U03271,9976.93
U04626,9976.75
U07748,9974.57
U07968,9973.91
U01141,9973.53
U03448,9973.51
U00568,9972.94
U06380,9972.73
U05470,9970.15
U07461,9969.7
U09086,9967.97
U05410,9966.92
U01365,9964.44
U08258,9963.26
U03763,9961.69
U00048,9961.33
U01548,9961.21
U00963,9959.58
U07139,9958.45
U07832,9958.16
U04555,9957.949999999999
U05556,9956.59
U08510,9956.56
U05301,9955.89
U05376,9955.6
U01619,9955.58
U05319,9955.41
U03598,9953.95
U07052,9950.39
U07696,9949.91
U06306,9948.68
U02133,9948.59
U06205,9947.94
U08763,9944.52
U02770,9944.5
U03681,9942.59
U05497,9940.21
U09273,9938.96
U09188,9936.45
U02237,9935.69
U00246,9933.380000000001
U04375,9933.01
U07245,9931.2
U09020,9928.91
U02405,9928.5
U01289,9927.49
U06495,9927.17
U05244,9924.31
U06823,9921.62
U09217,9917.92
U00599,9917.56
U09186,9916.88
U07119,9916.51
U08675,9913.94
U05583,9909.8
U09473,9909.32
U02559,9908.2
U00872,9906.21
U06854,9903.2
U03267,9900.88
U05831,9900.52
U02157,9900.2
U03456,9899.03
U01023,9898.630000000001
U04088,9897.75
U06442,9896.16
U03411,9895.4
U00904,9895.17
U02121,9894.65
U06879,9892.76
U07675,9889.95
U00895,9889.5
U06278,9888.74
U08507,9886.699999999999
U05735,9886.1
U08476,9884.81
U08311,9884.300000000001
U00999,9881.4
U00901,9880.71
U02757,9879.68
U04106,9879.06
U05621,9877.119999999999
U07149,9876.01
U07661,9875.27
U05504,9872.98
U07490,9871.16
U04209,9870.880000000001
U07434,9868.97
U01581,9866.869999999999
U04827,9866.720000000001
U06916,9866.21
U06791,9866.14
U07086,9865.43
U00310,9863.98
U02342,9863.46
U01633,9861.9
U00484,9860.61
U05560,9859.24
U03384,9859.119999999999
U07431,9857.52
U09382,9857.43
U03660,9855.560000000001
U07123,9854.97
U07177,9854.94
U06161,9854.91
U05366,9853.03
U04444,9849.91
U01817,9849.85
U03741,9848.91
U09038,9846.7
U08998,9846.16
U00408,9843.4
U00228,9842.880000000001
U09332,9842.76
U09811,9842.14
U08327,9841.72
U04763,9839.67
U09576,9838.4
U05021,9838.12
U09667,9834.31
U04376,9833.8
U08946,9833.29
U01629,9829.36
U00349,9828.92
U08901,9828.19
U01721,9828.02
U03465,9827.58
U07967,9826.79
U08024,9826.24
U01863,9825.66
U00849,9825.59
U08632,9825.1
U00358,9824.23
U06131,9820.619999999999
U05475,9820.14
U08662,9819.4
U07480,9819.369999999999
U07458,9818.54
U01443,9818.03
U03314,9816.39
U06439,9812.73
U05226,9811.91
U08739,9811.89
U02188,9811.869999999999
U03692,9811.2
U04863,9810.14
U08529,9808.67
U03554,9806.0
U01832,9804.87
U05543,9804.619999999999
U05963,9804.0
U04346,9803.46
U05866,9803.02
U04373,9801.93
U05509,9800.57
U05340,9800.2
U05157,9798.17
U00344,9797.58
U08017,9796.25
U08544,9794.29
U04220,9794.02
U02361,9793.9
U03631,9793.11
U02174,9792.6
U02473,9792.31
U01167,9792.19
U08689,9790.43
U09671,9788.2
U05185,9788.050000000001
U00654,9786.67
U07525,9785.14
U00532,9783.01
U06815,9782.17
U09720,9780.87
U07114,9780.59
U07093,9779.279999999999
U03671,9774.91
U06525,9774.58
U06240,9774.26
U09442,9773.470000000001
U05245,9770.64
U07407,9767.96
U04212,9765.49
U03068,9765.1
U07582,9764.85
U08286,9764.64
U01105,9763.96
U06395,9762.77
U09405,9762.19
U01342,9761.23
U02909,9760.92
U09259,9760.12
U05760,9758.4
U03266,9757.56
U03735,9756.72
U07698,9755.16
U08810,9753.55
U03171,9750.67
U02294,9750.24
U04706,9749.93
U05786,9749.85
U06630,9749.74
U02508,9749.6
U03296,9748.57
U09558,9745.49
U08654,9744.94
U07815,9743.16
U00080,9742.52
U00623,9740.29
U01024,9739.66
U04686,9739.55
U05824,9736.85
U06509,9734.28
U04210,9734.08
U02110,9733.8
U08929,9733.36
U03081,9733.32
U05268,9733.29
U03974,9731.869999999999
U06565,9729.74
U04815,9729.41
U08980,9729.34
U01979,9729.16
U01650,9726.93
U07280,9726.88
U04952,9725.72
U06643,9722.5
U02442,9722.45
U05804,9722.28
U03927,9721.58
U04277,9721.36
U05979,9720.07
U07917,9719.95
U03655,9717.07
U08711,9715.93
U01570,9715.57
U04160,9711.42
U04994,9709.61
U04339,9709.04
U04421,9708.44
U01768,9707.76
U06259,9706.91
U06153,9706.34
U09009,9705.84
U01387,9704.11
U06086,9702.89
U04132,9701.220000000001
U00621,9701.21
U08523,9700.8
U06239,9700.57
U05032,9698.42
U05577,9697.53
U02348,9697.19
U00314,9694.67
U07346,9694.57
U03527,9693.65
U03766,9692.21
U00770,9691.81
U08094,9691.73
U09563,9690.74
U05986,9688.63
U05171,9687.71
U02622,9686.69
U04613,9685.05
U00134,9684.55
U09494,9682.06
U01758,9681.29
U02321,9679.22
U01249,9675.58
U02468,9674.89
U04657,9673.99
U00127,9673.869999999999
U06304,9673.83
U05645,9673.54
U01941,9673.43
U09953,9671.95
U09742,9671.08
U09067,9668.71
U05730,9666.79
U08035,9666.07
U03104,9665.07
U08954,9664.51
U01938,9662.95
U08665,9662.5
U02952,9659.64
U03689,9657.87
U00828,9657.78
U00936,9657.34
U03086,9657.08
U00437,9655.19
U04598,9654.06
U06313,9651.18
U03768,9649.630000000001
U08920,9648.22
U00251,9647.08
U02257,9644.78
U05716,9643.7
U03430,9642.94
U06467,9642.130000000001
U04420,9640.67
U08508,9640.15
U05915,9639.19
U03487,9637.36
U08087,9637.1
U05722,9636.74
U03200,9636.14
U04833,9635.09
U00752,9632.2
U00789,9632.05
U08284,9629.26
U02300,9628.58
U07845,9627.16
U02420,9626.32
U04248,9626.11
U06035,9626.08
U09437,9624.83
U06002,9623.39
U08761,9621.21
U09861,9620.800000000001
U07601,9620.61
U02592,9620.49
U06623,9619.62
U01453,9615.29
U03613,9615.12
U07178,9614.119999999999
U04724,9613.52
U09770,9612.62
U08422,9607.11
U00983,9606.31
U01498,9606.21
U08183,9606.18
U02577,9604.84
U00587,9603.93
U01667,9601.56
U04085,9601.27
U03983,9600.43
U04284,9599.42
U07749,9597.88
U07513,9597.77
U05458,9597.69
U04130,9596.79
U00126,9596.1
U04316,9595.43
U01983,9594.699999999999
U00295,9593.46
U04950,9592.25
U00110,9590.71
U04225,9589.960000000001
U08322,9586.82
U05648,9585.81
U07152,9585.24
U01784,9584.54
U04137,9583.53
U01597,9583.529999999999
U02029,9582.87
U00814,9580.33
U06992,9579.63
U08634,9578.7
U06731,9578.22
U03572,9576.64
U08385,9576.47
U00020,9576.13
U06887,9575.52
U00722,9575.31
U06907,9574.83
U05341,9570.94
U02114,9570.08
U03941,9570.02
U07006,9569.95
U00111,9568.6
U05765,9566.61
U04636,9566.55
U03748,9566.22
U04866,9565.09
U07683,9564.960000000001
U05671,9564.49
U05571,9564.11
U05732,9559.94
U00213,9559.7
U03996,9559.55
U05394,9559.41
U08741,9557.25
U01326,9556.56
U05364,9556.48
U04725,9553.82
U00493,9553.31
U09997,9552.73
U00068,9550.88
U01242,9550.71
U04801,9547.51
U02407,9547.23
U04018,9543.550000000001
U01266,9541.52
U01313,9540.97
U03840,9539.38
U00214,9536.79
U01610,9535.55
U02703,9534.6
U03146,9534.48
U07096,9533.43
U08454,9531.26
U02617,9530.3
U02426,9529.51
U09731,9528.89
U01152,9528.3
U02171,9527.77
U04976,9527.07
U06631,9526.91
U01978,9526.59
U07879,9526.56
U02711,9526.17
U00049,9524.1
U03442,9523.0
U09705,9520.72
U08003,9516.94
U04894,9515.42
U09946,9515.11
U09994,9515.1
U08514,9510.49
U05190,9510.0
U04196,9508.82
U06330,9508.63
U05346,9508.03
U03754,9507.32
U01383,9506.7
U09393,9506.07
U00443,9505.96
U06600,9505.77
U06993,9505.189999999999
U00366,9504.37
U05665,9504.0
U07007,9502.57
U02428,9501.97
U00934,9501.34
U05492,9501.31
U03964,9500.87
U09404,9500.17
U01992,9500.15
U07436,9498.8
U07768,9498.34
U09278,9496.46
U05186,9496.28
U08188,9495.64
U01164,9494.85
U06680,9494.55
U04488,9492.03
U00892,9491.96
U07037,9491.67
U05235,9491.66
U03829,9491.19
U03552,9490.56
U08707,9490.42
U00738,9490.41
U09659,9489.81
U00923,9488.43
U00431,9487.73
U07024,9487.69
U02963,9486.64
U08843,9485.28
U08828,9482.21
U04688,9481.52
U00388,9481.16
U01047,9479.34
U02184,9478.4
U08793,9476.74
U04628,9476.5
U08981,9475.56
U08162,9471.9
U09924,9471.34
U03947,9471.2
U09834,9470.25
U03630,9468.33
U01887,9467.95
U07246,9467.01
U07565,9464.16
U00608,9462.02
U00185,9461.85
U02575,9461.32
U02696,9460.07
U08245,9458.04
U00188,9456.6
U01253,9456.55
U06602,9456.2
U07230,9455.98
U09291,9455.91
U03898,9455.43
U04458,9454.5
U01778,9451.14
U09311,9450.01
U00203,9449.06
U09184,9448.93
U01497,9447.65
U06921,9444.779999999999
U02240,9443.46
U00427,9443.4
U08078,9442.88
U04240,9442.53
U09752,9440.86
U07648,9440.31
U00767,9439.84
U07092,9438.25
U03717,9437.13
U05071,9436.5
U00763,9436.39
U00780,9434.44
U02890,9432.95
U01430,9431.960000000001
U02075,9430.15
U05484,9429.97
U08355,9424.720000000001
U09444,9423.27
U06910,9420.84
U06608,9418.449999999999
U06584,9417.810000000001
U03488,9417.73
U00231,9417.24
U05768,9416.56
U04839,9416.35
U04335,9415.85
U04769,9411.18
U04439,9410.289999999999
U06959,9410.24
U01048,9409.52
U08541,9408.73
U02148,9408.52
U09080,9405.03
U06121,9404.710000000001
U09466,9403.960000000001
U03455,9403.16
U09588,9402.18
U01846,9401.08
U00784,9400.26
U04608,9396.8
U02732,9395.64
U06933,9395.1
U08071,9394.9
U02509,9393.92
U07262,9391.58
U03813,9390.49
U01823,9389.73
U03133,9389.57
U02683,9388.52
U05865,9387.98
U08852,9385.54
U02137,9385.25
U09238,9385.23
U06014,9384.23
U05920,9383.14
U06189,9382.45
U01331,9382.42
U05154,9380.55
U05772,9379.07
U05281,9378.550000000001
U04485,9375.37
U00023,9373.51
U00948,9371.880000000001
U08874,9371.4
U00209,9370.85
U07957,9365.36
U04954,9362.25
U04036,9362.14
U00288,9357.65
U08340,9356.1
U07839,9354.51
U02312,9354.29
U08282,9353.960000000001
U09063,9353.0
U01915,9352.52
U00836,9350.06
U04803,9348.55
U02661,9347.95
U01615,9346.619999999999
U02243,9345.59
U03966,9343.77
U02835,9342.85
U04905,9341.45
U05322,9339.44
U08005,9338.44
U03506,9338.0
U04499,9337.94
U08997,9337.03
U07733,9335.869999999999
U02313,9334.85
U04044,9334.05
U01538,9334.02
U01168,9331.710000000001
U09847,9331.49
U09116,9331.37
U04595,9331.27
U08969,9331.24
U05975,9329.35
U09785,9327.52
U05210,9327.07
U08722,9324.87
U02229,9324.51
U01207,9321.869999999999
U09275,9321.76
U03652,9321.5
U02682,9321.26
U01953,9319.32
U09721,9317.95
U08129,9316.99
U00586,9316.02
U09344,9315.11
U08943,9315.01
U01605,9314.289999999999
U01401,9313.97
U09335,9313.48
U04483,9313.44
U07205,9313.42
U07053,9312.63
U06221,9312.06
U08897,9303.19
U02334,9302.08
U09100,9301.57
U05345,9301.49
U02381,9301.34
U03194,9301.07
U02814,9300.81
U07172,9298.39
U08080,9297.15
U02929,9295.89
U00387,9294.03
U02545,9294.03
U04204,9291.26
U02187,9291.18
U07904,9289.3
U06492,9288.369999999999
U00221,9288.09
U01145,9288.07
U03719,9287.69
U07390,9285.67
U04199,9284.67
U05512,9284.03
U06355,9282.98
U06606,9282.5
U00630,9281.33
U00356,9281.22
U03201,9280.65
U03728,9279.57
U07192,9279.39
U03152,9279.23
U03609,9278.77
U05898,9277.57
U00987,9276.92
U01515,9276.6
U09231,9276.15
U09516,9275.58
U08289,9273.94
U06353,9273.19
U04708,9270.13
U03111,9269.49
U02573,9267.86
U09313,9266.82
U02040,9266.189999999999
U08845,9262.99
U08083,9261.28
U07049,9258.74
U05446,9258.72
U00291,9258.61
U08831,9256.18
U04140,9253.77
U05961,9252.64
U00768,9251.68
U09728,9249.18
U02789,9248.03
U04391,9246.31
U01373,9244.64
U07891,9244.42
U04788,9243.4
U09998,9242.88
U06868,9242.74
U05297,9242.6
U05780,9242.54
U03298,9241.61
U01222,9240.9
U08182,9238.23
U00008,9236.43
U00514,9235.95
U07000,9235.57
U09387,9234.83
U09664,9232.15
U03535,9231.77
U05943,9229.21
U09535,9229.12
U06903,9228.29
U01016,9226.84
U01284,9226.42
U01153,9225.29
U03466,9223.880000000001
U07349,9222.529999999999
U08388,9222.02
U01664,9221.82
U06863,9221.619999999999
U05561,9220.27
U06814,9219.35
U07908,9219.01
U01385,9215.27
U01001,9215.25
U01533,9215.09
U01502,9213.16
U05256,9212.15
U06127,9211.73
U04109,9211.47
U03485,9211.44
U09128,9209.4
U05270,9208.95
U06839,9208.49
U09108,9208.210000000001
U03789,9207.92
U03244,9207.85
U09361,9207.84
U02408,9206.39
U07312,9205.76
U06592,9204.28
U00942,9200.77
U06651,9199.88
U08247,9198.79
U03540,9198.77
U08057,9197.55
U07943,9197.42
U08420,9194.7
U05559,9194.2
U01441,9193.95
U04058,9193.52
U05424,9191.63
U06173,9189.61
U07422,9188.98
U01703,9188.58
U07375,9187.92
U01945,9187.9
U04039,9187.76
U06627,9186.37
U06807,9186.36
U04684,9184.66
U02199,9184.27
U00299,9180.41
U03184,9179.17
U04550,9176.98
U01773,9176.56
U04028,9174.61
U04931,9174.460000000001
U06902,9173.56
U00909,9172.93
U02284,9170.13
U04404,9168.7
U01968,9167.09
U09290,9166.2
U00439,9165.99
U01356,9165.89
U04418,9165.43
U03385,9165.37
U01740,9164.72
U07850,9163.39
U05360,9163.22
U07282,9162.470000000001
U09760,9161.91
U07507,9160.11
U09040,9159.33
U05019,9158.81
U08824,9158.39
U05818,9157.52
U01698,9157.279999999999
U04275,9154.31
U06840,9153.62
U00761,9153.48
U02010,9152.5
U04739,9151.17
U07403,9147.69
U07124,9146.869999999999
U09554,9146.65
U05787,9146.59
U05998,9146.369999999999
U04826,9146.12
U02561,9144.76
U05052,9142.58
U00284,9142.28
U05316,9140.96
U04538,9140.25
U08241,9139.85
U01115,9139.28
U01201,9138.04
U06212,9136.73
U02609,9136.35
U03468,9134.92
U07473,9134.13
U07017,9134.1
U01853,9133.91
U07126,9133.85
U01921,9132.27
U02746,9130.38
U05029,9128.51
U07159,9127.36
U03999,9126.59
U03525,9126.26
U02883,9121.28
U09549,9121.04
U00887,9119.57
U01006,9117.51
U07697,9116.01
U06118,9114.470000000001
U01542,9114.43
U00123,9113.75
U04453,9111.15
U07360,9110.66
U05653,9109.14
U03771,9109.1
U07776,9108.79
U02566,9106.66
U03051,9106.48
U08041,9106.44
U02418,9103.29
U01623,9102.47
U09359,9101.92
U02687,9101.73
U05916,9100.11
U06774,9099.32
U01487,9097.43
U04117,9096.539999999999
U08238,9096.14
U01082,9095.630000000001
U09773,9092.56
U06925,9087.07
U01653,9086.07
U07481,9085.63
U09264,9082.949999999999
U08213,9081.84
U03154,9081.4
U02796,9080.45
U03905,9080.029999999999
U04774,9076.51
U06266,9074.539999999999
U02079,9073.78
U06732,9073.73
U07602,9073.36
U08743,9071.119999999999
U02338,9070.86
U09600,9068.289999999999
U05945,9063.33
U09321,9058.84
U06691,9058.38
U06772,9055.91
U04779,9054.19
U01224,9052.720000000001
U01437,9052.63
U00022,9052.5
U07069,9052.35
U06703,9051.869999999999
U04814,9051.74
U09726,9051.47
U06242,9051.09
U09985,9050.9
U09471,9049.43
U06665,9048.8
U08144,9043.619999999999
U07772,9042.68
U02751,9041.5
U07127,9040.51
U01364,9040.02
U04888,9039.74
U08099,9039.05
U04681,9037.96
U09958,9036.9
U03464,9031.5
U05702,9029.13
U00593,9027.98
U00602,9027.539999999999
U07426,9027.21
U07347,9026.59
U01851,9024.83
U08412,9024.42
U00962,9024.36
U02694,9024.02
U08679,9023.18
U05618,9023.16
U08877,9022.91
U00087,9021.02
U07469,9020.710000000001
U06119,9020.08
U07726,9019.76
U03354,9019.380000000001
U03666,9018.62
U07528,9018.62
U05499,9018.19
U00394,9016.61
U05061,9016.2
U03835,9015.77
U03039,9014.61
U07151,9013.36
U02643,9012.88
U02743,9011.18
U03437,9008.41
U02002,9008.369999999999
U07952,9008.05
U01678,9007.56
U07754,9006.82
U03453,9006.4
U03925,9005.99
U02191,9005.71
U06931,9005.59
U08666,9004.92
U06465,9004.09
U01665,9002.77
U04409,9002.54
U07026,9000.36
U09780,8999.3
U08859,8998.36
U07626,8997.640000000001
U08093,8997.63
U07714,8996.57
U07268,8994.82
U08377,8994.05
U03254,8993.15
U06463,8993.01
U07165,8991.52
U09469,8990.58
U04369,8989.58
U01062,8989.210000000001
U00024,8989.04
U02344,8988.02
U07892,8987.93
U04115,8987.18
U05674,8985.81
U03233,8985.35
U03007,8984.45
U06200,8984.28
U08991,8979.99
U04963,8978.47
U02076,8977.91
U08481,8975.5
U00916,8974.380000000001
U06677,8974.25
U03108,8971.68
U04157,8971.57
U05445,8971.44
U04323,8970.52
U05018,8969.87
U06987,8969.75
U02205,8969.25
U04590,8967.9
U00590,8966.869999999999
U09172,8965.12
U01730,8964.25
U04908,8963.91
U02000,8962.05
U00965,8961.5
U06387,8958.09
U08006,8957.279999999999
U05080,8956.05
U06220,8956.02
U07397,8955.91
U01151,8955.16
U07945,8954.27
U09480,8953.44
U06434,8951.52
U05476,8951.37
U01052,8949.17
U06850,8948.88
U04641,8948.56
U09411,8947.95
U03163,8947.22
U09060,8946.95
U07366,8946.81
U09843,8945.35
U07416,8943.31
U09357,8941.61
U09138,8940.44
U08504,8940.05
U04083,8939.4
U01670,8938.92
U06433,8938.28
U01281,8937.5
U09951,8936.19
U08664,8935.03
U02220,8933.63
U05076,8932.38
U06802,8932.25
U09592,8931.71
U02142,8929.880000000001
U07091,8927.67
U09268,8927.57
U06422,8927.46
U02116,8927.24
U03910,8926.92
U07912,8926.52
U03805,8923.39
U03147,8923.17
U07820,8922.029999999999
U04902,8921.97
U09636,8921.73
U01933,8920.59
U01903,8920.119999999999
U03958,8917.46
U03928,8917.38
U07004,8917.33
U06349,8914.74
U02180,8914.68
U05658,8914.2
U04862,8914.05
U04678,8913.32
U06166,8912.85
U09062,8910.84
U06964,8909.92
U07545,8908.66
U05610,8904.0
U09111,8902.75
U08196,8901.91
U03203,8901.33
U02373,8901.17
U09470,8900.69
U09749,8899.84
U04927,8899.75
U06841,8899.56
U07410,8898.460000000001
U02599,8896.84
U06590,8894.54
U01060,8894.21
U06292,8893.47
U02581,8891.14
U08726,8890.37
U03409,8890.31
U05632,8888.79
U09617,8888.49
U09862,8886.43
U03828,8884.66
U00882,8884.24
U08215,8882.21
U09047,8882.04
U02596,8881.39
U00206,8880.78
U02673,8879.36
U06274,8879.1
U09227,8878.67
U01328,8877.89
U01753,8876.86
U09817,8876.21
U06878,8876.2
U03856,8874.88
U09318,8874.55
U00747,8874.48
U06965,8873.880000000001
U06666,8872.68
U06908,8872.09
U03166,8872.0
U02409,8871.2
U00217,8869.74
U01565,8869.53
U02027,8869.02
U03451,8867.03
U02419,8866.789999999999
U05712,8865.79
U01202,8863.59
U07166,8863.1
U04575,8861.8
U07198,8857.49
U04460,8856.960000000001
U04920,8855.53
U09732,8855.17
U06458,8855.11
U06523,8855.08
U08255,8854.91
U09867,8851.92
U08766,8849.06
U09391,8847.71
U01296,8845.13
U07483,8845.08
U07916,8844.18
U09964,8842.15
U02720,8840.08
U07247,8839.02
U06045,8837.53
U06905,8836.39
U03160,8834.83
U04487,8834.64
U06550,8832.68
U08380,8831.68
U02648,8830.87
U02727,8829.6
U00350,8827.79
U03299,8826.91
U00839,8826.09
U00512,8824.69
U03891,8824.46
U09986,8824.39
U00207,8821.23
U01739,8819.1
U04084,8817.949999999999
U08515,8817.800000000001
U00233,8816.36
U09568,8815.5
U06230,8814.64
U03123,8812.59
U04729,8812.33
U05680,8811.72
U04891,8811.49
U02713,8810.539999999999
U03993,8810.17
U09688,8808.86
U06576,8804.220000000001
U08591,8803.88
U03756,8803.28
U04958,8802.869999999999
U09098,8800.94
U04573,8799.98
U06181,8799.74
U07295,8798.3
U03003,8797.9
U02716,8797.57
U08342,8797.17
U03670,8796.56
U04813,8796.17
U01844,8796.0
U00098,8795.27
U02017,8794.48
U00263,8794.47
U00384,8792.54
U04818,8791.78
U00751,8791.27
U05412,8788.72
U04401,8788.04
U05084,8787.67
U08854,8785.34
U01600,8783.61
U02786,8783.3
U02007,8782.87
U07784,8782.65
U04761,8781.06
U08821,8780.71
U06787,8779.71
U05287,8778.63
U04824,8778.44
U00736,8778.220000000001
U03521,8776.57
U02198,8775.83
U00306,8775.06
U03026,8773.890000000001
U09968,8773.64
U07940,8773.26
U07597,8770.24
U05040,8769.35
U09068,8766.76
U07241,8762.44
U09562,8762.21
U09367,8760.11
U03832,8759.73
U02958,8759.42
U03746,8759.4
U06632,8758.3
U03272,8757.25
U04907,8757.039999999999
U03399,8756.78
U09226,8755.36
U00280,8752.53
U06358,8752.289999999999
U08463,8751.02
U07801,8750.48
U08127,8749.61
U03085,8748.44
U03672,8747.76
U01236,8747.02
U00688,8745.09
U00735,8744.84
U08900,8744.44
U07203,8743.83
U01875,8743.45
U03622,8742.21
U05209,8740.97
U00168,8740.16
U04904,8739.9
U02818,8739.65
U04872,8739.4
U08518,8738.73
U05161,8738.36
U05156,8737.33
U02701,8737.31
U07013,8736.94
U05681,8736.0
U01881,8735.9
U01204,8734.6
U09707,8734.27
U04226,8733.960000000001
U08961,8732.68
U03306,8732.36
U07207,8732.16
U00645,8731.32
U06428,8731.22
U03899,8729.37
U07897,8728.539999999999
U02828,8728.16
U01161,8727.52
U04535,8726.06
U01061,8725.9
U09762,8723.76
U05229,8722.99
U03362,8722.3
U02815,8721.49
U05994,8721.43
U06169,8720.44
U00707,8719.84
U09248,8715.27
U07122,8714.91
U03819,8714.04
U07577,8713.460000000001
U07329,8713.36
U01525,8712.69
U04379,8710.09
U08189,8709.86
U08733,8709.67
U05764,8709.55
U06559,8708.27
U04621,8708.13
U05983,8705.96
U04987,8705.18
U01410,8704.98
U07201,8704.97
U05267,8704.73
U07701,8704.09
U08356,8702.75
U04876,8701.92
U07536,8701.07
U06388,8700.6
U05411,8700.48
U07009,8700.38
U00959,8697.95
U08157,8696.75
U09794,8696.72
U01541,8696.17
U01191,8696.07
U03422,8695.27
U05777,8694.76
U09000,8694.61
U04269,8693.97
U06781,8692.87
U01241,8691.47
U06211,8690.85
U03022,8687.54
U03557,8687.49
U02793,8687.27
U09887,8683.69
U02351,8683.42
U09174,8682.33
U04557,8680.49
U00335,8679.39
U09197,8679.1
U07723,8677.1
U08288,8676.9
U07671,8676.82
U03810,8675.92
U08870,8675.67
U02984,8675.14
U00033,8674.46
U01873,8673.79
U09812,8672.89
U01909,8672.83
U01679,8672.03
U00487,8671.87
U08985,8671.1
U02202,8670.19
U08525,8670.17
U09936,8670.05
U05567,8669.57
U05272,8668.98
U04417,8668.29
U09553,8667.699999999999
U05202,8666.51
U05672,8666.29
U06298,8666.02
U09538,8663.97
U09102,8662.92
U06251,8662.32
U08788,8662.2
U06149,8660.44
U09892,8657.51
U04944,8656.45
U08876,8654.57
U05612,8653.87
U07596,8650.16
U05669,8650.060000000001
U03018,8648.54
U04208,8648.33
U00144,8647.02
U05833,8645.16
U03182,8645.1
U05382,8644.78
U01587,8644.14
U01906,8643.51
U01990,8642.89
U01576,8642.06
U01308,8639.3
U01736,8634.07
U05290,8633.06
U08303,8631.25
U01842,8631.07
U09877,8630.71
U09656,8629.07
U07266,8629.04
U01449,8628.84
U03443,8628.439999999999
U04999,8628.3
U04122,8626.42
U08186,8623.97
U04319,8623.17
U02316,8622.710000000001
U06510,8621.44
U06904,8621.2
U04577,8621.18
U03291,8621.02
U02553,8619.87
U03764,8617.619999999999
U08111,8617.61
U02129,8613.83
U04629,8611.4
U05547,8611.38
U03294,8610.8
U02588,8609.52
U03388,8608.92
U04343,8607.44
U06471,8607.18
U05682,8601.77
U01002,8598.54
U00072,8597.16
U03723,8597.03
U00920,8596.869999999999
U06209,8594.78
U00922,8593.78
U07156,8592.87
U01505,8592.24
U07038,8590.42
U08548,8589.72
U02314,8588.82
U05142,8588.42
U07548,8587.02
U00506,8584.9
U04711,8583.65
U08905,8577.67
U03401,8574.45
U04754,8573.369999999999
U02894,8573.11
U07785,8569.01
U03497,8567.95
U05111,8567.21
U01319,8567.11
U04081,8564.21
U01706,8563.75
U07176,8563.66
U00728,8559.619999999999
U00734,8558.78
U04261,8558.67
U00905,8558.619999999999
U09839,8558.06
U00229,8555.97
U01981,8555.24
U01537,8552.83
U09451,8549.2
U08505,8546.01
U07568,8545.1
U07081,8544.22
U01113,8543.22
U00329,8543.07
U09215,8542.67
U04364,8542.42
U05757,8541.7
U02856,8541.18
U09769,8540.23
U07107,8538.31
U03774,8538.03
U05342,8537.38
U00149,8536.83
U02610,8536.81
U07500,8536.08
U01557,8535.01
U07297,8534.06
U07709,8533.65
U00305,8532.3
U09141,8531.51
U08936,8531.23
U08493,8531.029999999999
U04843,8529.48
U02425,8528.92
U06377,8528.71
U00617,8528.36
U07054,8527.77
U06846,8527.34
U04107,8527.18
U00779,8527.1
U03961,8526.45
U08408,8524.72
U01460,8524.05
U06003,8524.02
U00230,8523.16
U08324,8522.72
U06007,8522.35
U00265,8519.69
U03284,8519.09
U02270,8518.77
U00703,8514.77
U02364,8513.71
U07362,8511.64
U03209,8511.64
U02982,8510.83
U01854,8510.78
U09886,8510.33
U05044,8507.06
U02492,8506.31
U07143,8506.02
U07097,8504.74
U00530,8504.720000000001
U09775,8504.45
U06980,8504.28
U06859,8504.23
U09680,8503.3
U09099,8501.67
U03539,8500.95
U07678,8499.94
U08686,8499.39
U05503,8495.58
U07199,8495.52
U01607,8494.14
U02854,8494.07
U01769,8492.57
U03803,8492.34
U05407,8492.14
U02388,8491.67
U04560,8490.34
U07170,8489.51
U02390,8488.44
U04816,8484.78
U05822,8484.24
U00903,8484.16
U03740,8483.56
U09572,8483.42
U06415,8482.76
U08193,8481.88
U01939,8481.3
U01489,8479.83
U03776,8478.7
U09646,8477.16
U00374,8476.4
U09579,8476.21
U04054,8476.16
U09766,8474.51
U01123,8470.84
U06226,8469.85
U03629,8469.44
U00678,8467.48
U09699,8467.42
U03098,8464.390000000001
U04331,8464.18
U01213,8463.76
U02085,8462.470000000001
U03364,8461.65
U01845,8457.98
U04587,8454.48
U04917,8453.33
U07721,8452.4
U07388,8451.69
U08195,8451.28
U09890,8450.97
U06271,8450.6
U09490,8449.44
U08652,8448.87
U00346,8448.24
U00101,8447.0
U02292,8444.61
U00099,8441.9
U04280,8440.52
U00663,8438.14
U06446,8436.91
U02841,8436.1
U03034,8435.98
U06233,8434.72
U01010,8434.35
U02788,8433.85
U09507,8433.7
U09050,8432.93
U09546,8430.98
U07323,8430.5
U00851,8428.18
U08608,8427.19
U02261,8427.01
U03476,8425.03
U09789,8423.82
U01896,8423.029999999999
U05527,8423.0
U07579,8422.8
U02456,8422.56
U05440,8421.4
U04309,8421.2
U09828,8420.68
U07482,8419.98
U07451,8418.65
U03032,8417.45
U06808,8417.210000000001
U04441,8416.27
U00235,8415.72
U06721,8415.02
U02472,8412.400000000001
U04596,8411.52
U08667,8411.42
U06756,8411.25
U01118,8410.27
U03431,8410.130000000001
U09069,8403.23
U07260,8402.92
U04973,8402.44
U01677,8400.59
U06973,8400.470000000001
U03885,8400.07
U02520,8399.0
U01747,8396.869999999999
U03482,8394.710000000001
U08283,8394.23
U08569,8393.9
U09582,8389.64
U06688,8389.55
U08916,8387.5
U05389,8385.87
U03716,8385.66
U07581,8385.63
U03973,8385.52
U08249,8384.83
U00921,8382.7
U03537,8382.16
U07993,8382.05
U05188,8381.84
U03773,8380.69
U05414,8380.29
U08137,8379.57
U07076,8378.57
U05443,8378.52
U05890,8375.28
U03868,8371.789999999999
U01203,8371.16
U02988,8370.68
U03989,8368.4
U01215,8366.82
U06201,8364.78
U05264,8364.71
U03550,8361.66
U00641,8360.19
U03929,8360.08
U09795,8359.93
U01009,8357.93
U08762,8356.59
U03871,8355.1
U09053,8354.5
U01244,8353.949999999999
U02715,8353.17
U02429,8352.07
U05457,8350.85
U09492,8349.48
U01054,8345.46
U07840,8344.83
U09884,8343.07
U01045,8341.9
U05400,8341.210000000001
U05166,8339.7
U02926,8336.23
U06293,8334.5
U05236,8334.37
U00177,8330.43
U02745,8330.2
U06888,8329.880000000001
U06719,8324.88
U04203,8319.06
U08069,8318.43
U04371,8317.7
U04451,8317.17
U08716,8316.380000000001
U08224,8315.37
U07466,8315.16
U00180,8315.14
U07363,8313.05
U08770,8312.4
U09756,8312.17
U08184,8312.02
U06284,8309.82
U03799,8309.39
U03658,8309.14
U08947,8307.56
U09651,8307.06
U05380,8306.56
U01303,8304.91
U05096,8303.98
U08014,8303.61
U01426,8302.82
U07873,8302.17
U01066,8302.11
U07652,8302.06
U00800,8301.97
U00143,8299.23
U05311,8295.26
U08248,8294.58
U08125,8293.52
U03293,8293.17
U06414,8292.79
U09403,8291.53
U02918,8289.53
U03080,8287.85
U00973,8286.68
U02299,8286.59
U02004,8285.12
U02045,8284.68
U08710,8284.64
U00867,8283.0
U09736,8281.58
U05223,8280.98
U04651,8280.92
U05897,8277.960000000001
U07553,8277.24
U01737,8276.89
U04901,8275.68
U03084,8274.26
U06557,8272.4
U04363,8272.02
U00074,8270.19
U00411,8269.52
U08676,8269.220000000001
U04796,8269.02
U01601,8268.23
U01956,8267.35
U06826,8266.85
U08827,8265.83
U07584,8265.72
U09445,8265.43
U09979,8261.02
U03559,8260.98
U00017,8260.95
U07506,8260.06
U06797,8259.95
U00169,8257.76
U00407,8256.92
U03502,8256.4
U00202,8256.35
U02949,8255.75
U03657,8255.38
U01500,8255.1
U08176,8253.23
U03105,8253.1
U08879,8252.93
U05339,8252.03
U08697,8251.76
U02737,8251.59
U01386,8251.52
U06077,8250.71
U02382,8249.58
U09615,8249.5
U06481,8248.27
U07398,8247.24
U02374,8246.97
U09873,8246.87
U08939,8245.69
U06263,8245.49
U08542,8245.37
U08471,8244.17
U03591,8242.53
U07928,8240.61
U01362,8239.42
U04305,8238.51
U08724,8237.07
U01169,8236.77
U04224,8236.71
U05969,8236.550000000001
U06044,8233.93
U02480,8233.28
U06597,8232.81
U00524,8232.58
U06300,8232.18
U01472,8231.75
U07852,8230.87
U07433,8229.6
U09842,8226.64
U06500,8226.16
U00497,8223.47
U09018,8223.1
U08398,8222.96
U04138,8222.09
U01347,8221.51
U02945,8219.64
U00955,8218.7
U02614,8218.28
U08678,8217.05
U07276,8216.04
U05201,8214.69
U04436,8213.15
U09011,8212.08
U04965,8210.6
U03250,8209.87
U06367,8209.25
U03950,8208.56
U06985,8207.94
U07529,8207.6
U08560,8207.01
U06872,8206.869999999999
U04913,8205.97
U00886,8204.58
U01922,8203.98
U07962,8203.93
U09356,8203.38
U01518,8203.369999999999
U06892,8203.23
U01165,8201.67
U05004,8201.460000000001
U08907,8199.2
U07444,8197.64
U00381,8197.02
U06483,8196.59
U03353,8196.55
U08561,8195.52
U08389,8195.12
U08869,8193.91
U06699,8193.46
U07521,8193.1
U07504,8192.3
U00821,8192.03
U09354,8191.9400000000005
U07499,8191.1
U07456,8190.81
U06817,8189.74
U04429,8185.9800000000005
U05132,8185.5599999999995
U08364,8185.14
U08237,8183.61
U01510,8183.5199999999995
U02167,8183.0
U04180,8182.42
U02036,8182.38
U01461,8182.18
U03434,8181.26
U09380,8181.2
U09570,8180.79
U04582,8178.5
U03470,8177.4400000000005
U00816,8176.889999999999
U06533,8176.44
U08906,8174.11
U01418,8173.66
U00255,8173.42
U07118,8172.87
U02476,8172.64
U07023,8171.85
U03514,8171.1900000000005
U08410,8170.91
U09308,8170.48
U09872,8169.51
U08941,8169.4800000000005
U07650,8167.97
U07430,8167.17
U09912,8166.83
U08073,8166.51
U00992,8163.67
U09855,8161.3
U03863,8161.26
U00498,8159.3099999999995
U04297,8158.87
U03141,8158.53
U04367,8158.44
U00786,8158.389999999999
U01351,8157.27
U04895,8156.83
U09199,8156.23
U04244,8154.12
U06134,8153.32
U00361,8152.95
U06668,8152.33
U03206,8152.2300000000005
U02611,8150.93
U04389,8150.5
U07734,8149.8
U00081,8149.06
U03446,8148.11
U03919,8147.65
U05519,8147.13
U03349,8146.679999999999
U02162,8146.43
U00662,8145.75
U04749,8144.610000000001
U08390,8142.8099999999995
U03478,8139.8099999999995
U02887,8138.82
U01429,8137.4400000000005
U08972,8136.15
U04576,8135.6
U03358,8134.2300000000005
U00686,8133.4400000000005
U08611,8133.3
U08262,8132.26
U03002,8132.09
U01898,8131.79
U00052,8129.42
U03420,8127.9800000000005
U06831,8123.01
U04357,8121.0599999999995
U09336,8120.33
U02130,8119.29
U05063,8118.49
U05123,8116.79
U08592,8116.7699999999995
U09896,8116.339999999999
U06217,8115.95
U04569,8115.57
U06487,8111.16
U04663,8108.37
U01033,8107.01
U07847,8106.57
U06522,8104.9
U09529,8103.93
U09614,8103.83
U00718,8103.33
U01278,8102.81
U08337,8100.85
U05952,8100.05
U06948,8099.67
U07171,8099.25
U09895,8098.55
U03949,8098.03
U07439,8097.1
U09363,8096.51
U07355,8096.29
U08143,8095.4400000000005
U06794,8094.33
U06490,8093.45
U05799,8092.88
U02395,8092.16
U00449,8091.62
U04941,8091.02
U09580,8086.91
U06978,8085.42
U03087,8085.2
U04082,8084.31
U03895,8084.110000000001
U05599,8083.5
U06708,8082.96
U05309,8082.6
U03560,8080.98
U01631,8080.74
U04784,8077.42
U09565,8076.99
U05179,8076.04
U04479,8075.79
U06224,8075.68
U01807,8073.51
U02600,8073.48
U00415,8072.45
U06351,8072.01
U03130,8071.44
U02490,8066.39
U02098,8065.71
U09028,8064.71
U02448,8063.9400000000005
U00320,8062.139999999999
U02215,8062.12
U00247,8061.69
U01970,8061.5199999999995
U09984,8061.02
U09692,8060.9800000000005
U06762,8060.46
U02213,8060.09
U01640,8059.33
U04513,8059.32
U05966,8058.18
U02253,8057.91
U07432,8057.66
U08914,8057.11
U02652,8056.87
U03712,8055.38
U01836,8054.72
U08933,8054.55
U06374,8052.55
U06260,8051.889999999999
U01961,8050.12
U03242,8049.2699999999995
U04258,8048.91
U00353,8047.61
U02843,8047.4400000000005
U08527,8045.91
U09135,8045.01
U01828,8044.33
U02206,8043.76
U01097,8042.78
U04345,8042.450000000001
U09447,8042.39
U01724,8041.74
U03534,8040.64
U07206,8039.46
U05883,8038.93
U06354,8038.39
U03440,8036.64
U05631,8035.969999999999
U04497,8035.17
U02412,8034.35
U01864,8034.12
U00479,8032.04
U06129,8029.5599999999995
U05670,8029.55
U01464,8029.13
U06558,8028.74
U09626,8026.93
U08049,8025.48
U09989,8024.719999999999
U02764,8024.67
U03360,8023.26
U01117,8022.91
U08537,8022.03
U05426,8021.87
U00521,8021.01
U02915,8018.72
U03145,8018.46
U02096,8018.4400000000005
U00095,8018.09
U08835,8017.74
U03302,8017.099999999999
U00208,8016.12
U06954,8014.3
U00546,8014.06
U03410,8011.73
U01862,8011.18
U01743,8011.06
U09051,8009.14
U01513,8009.01
U08524,8006.950000000001
U07937,8006.07
U03273,8005.96
U07479,8005.86
U03556,8005.85
U07911,8003.05
U03960,8001.5
U04342,7996.95
U09545,7996.37
U06165,7995.29
U00518,7995.14
U02265,7994.99
U03135,7992.47
U05348,7992.32
U08483,7991.6900000000005
U08731,7991.620000000001
U06527,7991.6
U09109,7990.58
U00997,7990.15
U02223,7990.049999999999
U02994,7989.639999999999
U09875,7988.55
U05386,7987.78
U02295,7986.59
U08313,7985.1900000000005
U09204,7984.72
U03584,7984.28
U04169,7983.889999999999
U03148,7982.41
U03490,7981.88
U01675,7981.64
U04690,7980.59
U01847,7980.4400000000005
U01046,7980.34
U08756,7977.95
U02106,7976.64
U02630,7976.04
U03862,7975.95
U07954,7974.69
U00468,7974.54
U06020,7973.66
U06296,7973.16
U01814,7972.69
U02196,7971.07
U00820,7970.610000000001
U09185,7969.88
U07121,7968.76
U02471,7968.530000000001
U03346,7967.95
U06455,7967.12
U01221,7966.53
U04003,7966.05
U06113,7964.62
U02297,7964.16
U00979,7963.41
U06303,7962.8
U02287,7961.86
U00589,7961.17
U00030,7958.75
U00594,7957.51
U08899,7956.53
U09972,7956.49
U01920,7956.3
U07763,7955.36
U08558,7953.45
U09539,7952.6900000000005
U01392,7952.68
U01929,7950.42
U08918,7948.75
U09825,7948.28
U02570,7947.320000000001
U02154,7944.92
U07064,7944.0
U05693,7943.17
U05637,7941.719999999999
U02888,7940.39
U08274,7940.08
U07350,7939.62
U06567,7938.34
U00636,7937.54
U07173,7935.2300000000005
U02320,7935.16
U09198,7933.82
U04194,7933.51
U06694,7932.9400000000005
U06124,7932.26
U05162,7930.41
U08993,7929.9800000000005
U04399,7929.53
U00906,7929.3
U05168,7929.1
U00125,7928.72
U06364,7928.33
U00868,7927.72
U06431,7927.12
U07970,7927.0
U09616,7924.08
U05266,7922.56
U08059,7919.6
U03605,7918.27
U05160,7918.1
U00701,7917.98
U00165,7917.62
U00865,7917.4400000000005
U06098,7917.43
U02057,7917.12
U03782,7915.0599999999995
U09007,7913.5599999999995
U09537,7913.41
U09682,7912.929999999999
U05107,7912.49
U03355,7911.74
U07617,7907.47
U00463,7907.200000000001
U06979,7906.97
U09315,7906.65
U09351,7904.88
U05434,7903.13
U05368,7902.01
U00351,7900.7300000000005
U04910,7899.84
U04116,7897.65
U01432,7897.64
U09942,7896.36
U08543,7895.13
U08535,7894.86
U07834,7894.78
U08698,7894.18
U02950,7893.4
U04652,7891.83
U04358,7890.57
U07110,7888.38
U02706,7886.4400000000005
U08034,7886.28
U05276,7885.66
U08702,7885.16
U03316,7884.889999999999
U07074,7883.8
U04714,7883.66
U01982,7883.09
U00974,7882.48
U00592,7881.5
U05941,7881.43
U08521,7878.2
U09541,7877.92
U00990,7877.5
U02127,7876.74
U00303,7876.66
U01578,7874.64
U06245,7874.58
U01900,7873.349999999999
U09324,7871.02
U01277,7869.11
U05841,7868.83
U07043,7868.66
U06799,7868.12
U00542,7867.32
U03606,7867.09
U01517,7866.9800000000005
U04176,7866.96
U04187,7866.2
U02576,7865.889999999999
U00539,7865.77
U06587,7863.79
U05436,7863.05
U08837,7862.77
U07950,7862.34
U02123,7862.3
U07780,7861.5
U04526,7861.35
U07511,7860.52
U09496,7859.8099999999995
U08431,7859.700000000001
U07232,7858.93
U04869,7856.610000000001
U08177,7856.09
U05473,7855.76
U07609,7854.76
U05710,7854.03
U08205,7853.93
U04067,7853.7
U07293,7852.6900000000005
U08694,7852.16
U04402,7851.27
U09195,7851.06
U04746,7850.1900000000005
U07269,7849.1900000000005
U02917,7848.61
U01998,7846.09
U08814,7845.04
U06934,7844.88
U08446,7842.8
U08401,7841.23
U03848,7841.219999999999
U01030,7838.42
U04957,7837.78
U01994,7837.67
U05008,7837.46
U07210,7834.77
U00131,7834.12
U00791,7833.23
U08619,7832.91
U00531,7832.45
U08692,7832.07
U07813,7831.75
U07718,7830.389999999999
U07102,7829.030000000001
U03092,7828.63
U07144,7828.59
U00717,7827.31
U06401,7825.87
U01626,7825.65
U04178,7825.34
U04566,7824.47
U03373,7824.4
U01660,7822.08
U07654,7822.0
U01727,7821.9800000000005
U06918,7819.1
U05225,7818.04
U08056,7816.76
U04664,7815.75
U02519,7815.31
U06308,7813.5599999999995
U00606,7813.4400000000005
U00424,7813.08
U01997,7812.51
U09959,7812.21
U04867,7811.09
U04793,7809.73
U06088,7808.47
U09161,7806.860000000001
U06110,7804.400000000001
U02087,7804.34
U00336,7803.35
U02552,7803.150000000001
U01993,7802.639999999999
U06477,7802.61
U08931,7802.43
U06551,7802.21
U04119,7801.03
U03933,7800.29
U08986,7796.35
U03500,7796.200000000001
U09010,7793.81
U07098,7793.46
U06883,7791.02
U01314,7789.59
U06191,7789.06
U08683,7787.81
U08031,7787.349999999999
U06764,7785.37
U04285,7785.25
U07625,7785.17
U09300,7785.17
U06474,7782.83
U05901,7781.4
U05041,7779.94
U00714,7779.75
U02175,7778.04
U00554,7777.23
U04175,7776.49
U00113,7776.09
U09127,7774.9800000000005
U04792,7774.2
U06424,7773.82
U07404,7771.22
U06232,7770.49
U00765,7768.76
U01713,7768.55
U08809,7767.33
U00325,7765.05
U05576,7763.37
U03433,7763.07
U03890,7763.01
U04877,7762.78
U01139,7762.4400000000005
U00224,7761.44
U07367,7761.16
U04655,7759.13
U05921,7758.23
U04953,7757.85
U03962,7755.96
U05095,7753.71
U09700,7753.01
U03573,7752.39
U05137,7752.13
U04993,7750.9
U06379,7750.389999999999
U07129,7750.26
U07467,7748.2300000000005
U03167,7746.42
U09421,7745.0
U00721,7744.62
U08201,7743.38
U06449,7742.38
U07353,7742.35
U03981,7738.7
U09487,7738.43
U00258,7734.65
U02501,7734.43
U05544,7734.150000000001
U08173,7733.33
U01041,7730.65
U01524,7730.42
U02970,7730.11
U00996,7729.78
U08415,7728.45
U05810,7728.35
U06157,7727.7
U09384,7727.14
U02149,7726.06
U09435,7725.6
U07471,7724.79
U04732,7724.15
U04341,7722.97
U01588,7722.900000000001
U05984,7722.85
U07821,7719.95
U08829,7719.87
U04716,7715.83
U09175,7714.33
U04503,7713.02
U05017,7711.41
U02672,7709.66
U04610,7709.2300000000005
U06394,7708.49
U09628,7708.4
U07249,7708.38
U04216,7707.29
U09276,7705.51
U07155,7703.5
U08120,7702.799999999999
U00766,7702.2699999999995
U02165,7700.959999999999
U00727,7700.62
U06782,7700.41
U00891,7699.6900000000005
U04464,7697.12
U03711,7696.47
U04495,7696.32
U07720,7696.0
U00474,7694.91
U02681,7694.88
U03844,7694.45
U01645,7693.75
U00775,7693.69
U02565,7693.57
U05585,7693.5199999999995
U05439,7692.860000000001
U04765,7687.57
U05515,7686.73
U04695,7686.389999999999
U07189,7684.38
U09103,7683.4400000000005
U04853,7683.39
U09638,7682.08
U05219,7681.07
U09800,7680.1900000000005
U01579,7678.77
U04076,7678.62
U06735,7678.36
U09462,7676.92
U00687,7676.85
U01986,7676.2
U09663,7675.79
U09408,7675.7300000000005
U00672,7672.79
U03972,7672.29
U05055,7670.860000000001
U08962,7669.69
U07087,7669.280000000001
U03287,7668.8
U04103,7668.55
U02303,7668.450000000001
U09905,7668.17
U02571,7667.91
U06745,7667.0599999999995
U05808,7664.7
U07969,7664.3099999999995
U04772,7664.139999999999
U02691,7662.32
U07806,7661.2
U06231,7660.900000000001
U06763,7660.58
U04744,7659.76
U07263,7659.57
U08693,7659.51
U00166,7658.0
U08477,7657.97
U02234,7656.54
U08371,7655.87
U07811,7653.11
U03850,7652.900000000001
U07344,7652.78
U04548,7652.2
U08100,7651.7
U09362,7649.9
U06493,7649.75
U02546,7646.73
U05600,7646.51
U06661,7645.93
U08769,7645.34
U00183,7644.139999999999
U04152,7644.01
U01720,7643.7
U07816,7643.41
U09162,7642.610000000001
U00294,7640.780000000001
U00694,7637.84
U07522,7637.63
U00420,7636.25
U06132,7636.07
U08812,7634.950000000001
U07512,7633.16
U01329,7632.94
U04790,7628.49
U07953,7627.2
U09398,7624.41
U06611,7623.56
U05334,7623.21
U07018,7622.110000000001
U02128,7620.7
U08626,7620.3
U05466,7619.48
U03855,7618.89
U02677,7617.17
U03170,7616.84
U04192,7614.64
U06275,7611.52
U04412,7610.42
U04861,7610.08
U08996,7610.06
U02960,7608.84
U05690,7608.47
U04256,7608.35
U04344,7606.1
U06095,7604.47
U01270,7603.35
U07546,7603.24
U05098,7600.389999999999
U02627,7599.91
U08470,7598.25
U07158,7598.05
U00883,7597.95
U01924,7596.33
U01031,7596.110000000001
U04183,7595.17
U02874,7595.14
U00928,7593.33
U04985,7591.33
U02288,7591.21
U00940,7590.58
U07736,7590.4
U00692,7589.86
U04289,7589.77
U07147,7589.2
U00664,7588.34
U07327,7587.62
U07061,7587.23
U07712,7587.13
U01549,7586.57
U03715,7586.21
U03297,7584.97
U06491,7583.9
U08464,7582.33
U01463,7581.53
U07065,7578.26
U02709,7578.21
U09686,7577.05
U03177,7574.72
U01613,7574.01
U07619,7573.610000000001
U01821,7571.6900000000005
U05177,7571.59
U09927,7571.51
U04781,7570.76
U03661,7570.2
U06983,7568.77
U09679,7566.78
U09677,7565.950000000001
U02667,7564.25
U02326,7563.98
U07559,7562.58
U09089,7561.38
U01240,7556.570000000001
U04959,7556.53
U02091,7554.84
U00838,7554.22
U04388,7553.02
U06517,7551.22
U08445,7549.79
U03368,7548.0599999999995
U09503,7547.03
U05506,7544.83
U04561,7544.46
U05153,7544.29
U01695,7543.74
U07445,7543.37
U04191,7542.68
U02135,7542.38
U05318,7542.21
U06955,7541.78
U00622,7540.59
U04731,7540.55
U07221,7539.87
U09194,7539.719999999999
U04473,7538.74
U05514,7538.469999999999
U04310,7537.7300000000005
U00980,7537.58
U05437,7537.24
U04356,7537.1900000000005
U08089,7536.92
U07463,7535.82
U09830,7533.52
U04536,7533.04
U00416,7530.1
U02461,7527.85
U05521,7526.12
U00577,7521.53
U08695,7520.99
U08166,7519.04
U01237,7518.490000000001
U08773,7518.21
U07783,7517.81
U00704,7515.4400000000005
U01294,7512.91
U01729,7512.57
U00601,7512.27
U02807,7512.24
U08341,7512.07
U03518,7510.99
U04982,7510.85
U03480,7510.81
U02335,7510.38
U04410,7510.17
U08064,7510.12
U06845,7509.34
U02489,7509.13
U02058,7508.59
U01985,7507.849999999999
U00092,7506.88
U07047,7505.37
U09885,7504.18
U09409,7503.26
U08427,7502.46
U07588,7500.79
U07048,7500.57
U03352,7500.08
U09802,7498.6
U08072,7497.719999999999
U04528,7497.04
U06654,7495.3
U08430,7494.75
U04427,7494.74
U02064,7494.389999999999
U03804,7493.13
U06412,7492.76
U09809,7491.97
U08449,7490.35
U02363,7489.92
U06684,7489.91
U05776,7489.74
U03946,7488.81
U09771,7488.0
U02011,7487.58
U01595,7487.58
U07715,7487.49
U07415,7486.86
U05065,7485.87
U08400,7485.77
U06068,7482.68
U03015,7482.13
U07164,7481.9
U00893,7481.55
U06405,7480.59
U00808,7479.57
U07743,7478.85
U03501,7478.2
U07452,7476.61
U00538,7476.15
U09166,7474.82
U09796,7474.49
U06589,7473.09
U06927,7469.4
U03602,7469.33
U02367,7468.59
U07930,7467.16
U01689,7465.3
U01495,7464.56
U03568,7464.41
U02634,7464.19
U07724,7463.120000000001
U00708,7462.58
U07392,7461.43
U00685,7460.76
U08564,7459.98
U00232,7459.950000000001
U06697,7458.4800000000005
U06054,7457.96
U07418,7457.88
U08696,7457.49
U04166,7457.01
U06183,7456.03
U03326,7455.01
U02967,7454.52
U08777,7451.36
U01007,7450.95
U00976,7450.17
U00558,7450.01
U05299,7448.83
U07841,7447.99
U03955,7447.85
U05899,7446.96
U09739,7445.92
U06390,7444.280000000001
U00600,7443.6900000000005
U07208,7441.5
U07931,7440.099999999999
U00027,7438.91
U01136,7438.78
U06101,7436.69
U09797,7435.9400000000005
U01230,7435.8
U02875,7435.46
U09717,7434.5599999999995
U05868,7433.860000000001
U05338,7433.2
U09640,7433.0
U09347,7432.76
U01663,7432.62
U09776,7429.89
U05699,7429.37
U04645,7429.15
U06633,7427.42
U07862,7426.78
U02607,7426.36
U01412,7423.96
U04529,7423.77
U08352,7423.6
U01625,7423.12
U02962,7422.860000000001
U08805,7422.22
U04804,7420.110000000001
U03414,7419.25
U09509,7416.68
U08748,7415.91
U01546,7412.12
U05641,7410.5599999999995
U05433,7410.5
U07078,7409.700000000001
U00212,7408.719999999999
U04848,7406.47
U05090,7405.85
U07183,7405.34
U04020,7404.28
U05403,7403.6900000000005
U02752,7403.49
U09147,7402.849999999999
U00339,7402.24
U09153,7401.35
U03380,7401.12
U01522,7400.89
U03920,7399.23
U03967,7398.87
U01527,7397.39
U05053,7394.2699999999995
U05655,7392.5599999999995
U01027,7391.98
U02173,7391.87
U09023,7391.72
U07974,7390.93
U05802,7389.34
U03900,7389.2699999999995
U04794,7388.99
U05087,7388.57
U02620,7387.2
U04755,7385.83
U09787,7385.6900000000005
U03076,7385.0
U00876,7382.88
U03452,7382.08
U04611,7381.950000000001
U03190,7381.24
U09533,7380.62
U02197,7379.94
U05191,7379.43
U01483,7378.4
U00873,7377.46
U03543,7376.95
U08851,7376.0
U02979,7375.36
U03794,7373.25
U00534,7371.78
U04948,7371.28
U05252,7370.42
U05837,7369.23
U05335,7369.2
U03391,7369.03
U03765,7368.76
U00275,7367.48
U02905,7366.84
U00881,7366.21
U01893,7364.610000000001
U08438,7364.18
U02210,7362.78
U01306,7362.5
U01794,7362.46
U00913,7361.7
U05314,7360.71
U07674,7360.52
U08960,7360.51
U05274,7360.41
U08823,7359.47
U00660,7358.85
U05548,7356.8
U04227,7354.7
U02244,7354.61
U00370,7353.22
U05126,7352.610000000001
U09353,7352.17
U07959,7351.7300000000005
U01068,7351.67
U00015,7351.0599999999995
U09386,7350.969999999999
U04520,7349.78
U00399,7348.13
U01501,7347.32
U01531,7345.4
U00805,7343.66
U00085,7343.0599999999995
U00138,7340.37
U00245,7339.0599999999995
U06051,7338.99
U02714,7338.84
U01182,7338.35
U08437,7333.98
U00635,7332.280000000001
U09793,7331.51
U03522,7331.07
U02372,7330.25
U01575,7329.15
U08924,7328.65
U08776,7328.31
U07779,7327.89
U02896,7326.58
U06234,7325.969999999999
U03260,7324.2
U02068,7322.49
U06214,7321.66
U09024,7319.92
U06656,7319.6
U00861,7319.01
U01991,7318.18
U05425,7317.11
U00588,7316.32
U09156,7314.58
U06027,7309.71
U03718,7309.490000000001
U07706,7308.91
U04279,7308.530000000001
U09042,7307.719999999999
U00643,7306.76
U04105,7306.2
U08882,7305.76
U07446,7305.03
U06662,7303.29
U09196,7303.27
U04789,7301.68
U02991,7300.0
U09134,7299.39
U09101,7297.18
U01885,7296.94
U07328,7296.63
U08373,7295.54
U06398,7294.64
U04771,7293.78
U07298,7293.4400000000005
U09486,7292.04
U04922,7291.85
U01187,7288.32
U09988,7286.92
U03033,7286.81
U08045,7286.16
U09474,7285.42
U05453,7284.11
U06988,7284.06
U04298,7282.99
U08396,7282.79
U06675,7282.08
U06528,7281.66
U01042,7281.61
U00304,7281.389999999999
U02042,7280.879999999999
U09915,7280.86
U04164,7278.51
U00334,7275.49
U03911,7275.25
U00964,7275.11
U00879,7274.71
U03643,7274.02
U03553,7274.0
U02685,7273.62
U04493,7273.57
U00241,7270.34
U01744,7267.72
U05286,7262.2300000000005
U08235,7261.96
U05505,7261.33
U02734,7260.39
U09674,7260.0
U02306,7259.18
U06795,7258.01
U05078,7257.6
U08496,7256.54
U06071,7255.68
U06716,7254.47
U02014,7253.51
U09061,7253.45
U07315,7252.77
U03024,7252.59
U08098,7252.57
U05972,7252.549999999999
U09052,7251.71
U00040,7251.66
U05838,7251.08
U09155,7251.05
U03341,7251.02
U02989,7250.25
U09653,7249.25
U01321,7247.73
U00624,7247.490000000001
U04091,7247.4
U05929,7247.33
U06198,7247.32
U03215,7246.85
U03257,7243.570000000001
U00918,7242.66
U04698,7242.65
U04073,7242.63
U09889,7238.46
U04705,7238.38
U03722,7238.0599999999995
U05025,7237.91
U08172,7237.18
U09030,7235.84
U08485,7235.21
U03305,7235.08
U04832,7235.04
U08272,7234.900000000001
U09670,7233.679999999999
U08293,7232.79
U01267,7232.39
U08790,7232.37
U08413,7232.35
U02394,7229.42
U01944,7228.54
U09965,7227.030000000001
U06570,7225.9
U02602,7223.4
U01813,7223.32
U07848,7222.62
U03472,7221.61
U01245,7221.45
U07370,7221.33
U01831,7220.8099999999995
U09394,7220.25
U01318,7219.53
U04282,7217.73
U07179,7217.5
U09743,7216.74
U05009,7216.71
U09931,7215.03
U01965,7215.0
U02878,7212.95
U07809,7212.76
U00088,7212.65
U01925,7211.650000000001
U06312,7210.639999999999
U03952,7209.23
U05401,7207.9400000000005
U08174,7207.34
U08372,7206.53
U03035,7205.12
U00152,7205.0
U00147,7204.8
U04956,7204.36
U07459,7201.39
U03628,7200.66
U08096,7200.05
U07750,7199.360000000001
U00119,7198.88
U07645,7198.67
U00841,7197.8
U00075,7194.92
U06545,7192.87
U01935,7192.469999999999
U07429,7191.23
U07857,7190.79
U08674,7190.07
U09267,7189.93
U02821,7188.349999999999
U09342,7188.23
U07569,7187.71
U02482,7187.29
U02359,7187.17
U05844,7185.64
U02016,7182.9800000000005
U08846,7182.97
U03800,7181.48
U00946,7181.41
U09542,7181.0
U01132,7180.76
U03055,7180.639999999999
U00018,7178.4400000000005
U09836,7176.639999999999
U05001,7174.47
U05887,7173.93
U08898,7172.96
U01672,7172.68
U01514,7171.83
U03872,7171.22
U01080,7170.76
U04859,7170.32
U04996,7167.81
U07543,7167.48
U05332,7167.389999999999
U05349,7167.04
U06356,7166.969999999999
U08102,7164.83
U08732,7163.54
U06728,7162.54
U00937,7162.29
U03783,7161.41
U07798,7161.13
U02557,7161.0
U08807,7160.25
U10000,7157.94
U07909,7156.79
U04648,7156.24
U09316,7156.21
U08885,7156.14
U02163,7155.870000000001
U04812,7154.879999999999
U06393,7154.01
U03461,7148.03
U02886,7147.71
U03126,7145.3099999999995
U04231,7144.37
U01282,7143.42
U06997,7141.42
U07830,7140.0
U09350,7137.97
U09464,7137.45
U03010,7137.43
U00051,7136.84
U02728,7136.21
U07728,7136.139999999999
U02666,7133.83
U07510,7133.5
U08187,7132.57
U09901,7131.76
U07587,7131.0
U08227,7128.08
U06990,7127.85
U05647,7127.78
U01423,7127.78
U00862,7127.68
U06585,7127.62
U09317,7127.51
U07541,7127.0
U08113,7126.51
U02976,7126.31
U07303,7125.900000000001
U05564,7125.47
U08461,7125.41
U03865,7124.73
U08370,7123.14
U05903,7121.55
U08500,7121.2
U01559,7120.9
U00187,7120.75
U05250,7120.27
U08836,7119.97
U04338,7119.73
U04093,7118.07
U05494,7117.3099999999995
U09423,7117.3
U02168,7116.45
U06222,7116.110000000001
U04125,7115.59
U06316,7115.24
U08625,7115.23
U00129,7115.1
U05608,7112.93
U01457,7112.74
U07116,7112.4
U08277,7110.84
U00477,7110.62
U01742,7109.78
U07435,7109.73
U01628,7108.62
U04315,7108.03
U09417,7106.88
U05231,7106.13
U08275,7105.63
U05359,7105.18
U00373,7104.54
U03496,7103.53
U09280,7103.29
U04835,7103.26
U06244,7102.99
U07561,7102.700000000001
U02517,7101.6
U03727,7099.17
U03153,7097.469999999999
U07739,7095.97
U07278,7095.139999999999
U09865,7094.45
U08609,7093.9
U06179,7093.19
U01586,7092.58
U07447,7092.39
U05957,7091.53
U03654,7090.04
U03220,7089.29
U04762,7089.08
U03014,7088.8
U09450,7088.0599999999995
U00977,7087.349999999999
U02606,7086.56
U03350,7086.5199999999995
U01561,7085.4800000000005
U01776,7084.95
U05011,7083.82
U06102,7083.29
U05572,7082.610000000001
U02399,7080.63
U06637,7079.16
U00528,7078.72
U00890,7076.72
U00782,7076.25
U05006,7075.5599999999995
U01129,7074.1
U00163,7073.15
U06920,7071.78
U02822,7071.38
U05529,7071.19
U07406,7068.84
U06622,7068.32
U08130,7067.28
U08279,7067.129999999999
U05233,7066.07
U05208,7065.61
U09385,7064.96
U03369,7064.9
U03304,7064.5
U05709,7064.3
U06370,7064.3
U09715,7063.99
U06135,7063.27
U04333,7061.610000000001
U08715,7060.070000000001
U05013,7057.64
U07731,7054.31
U06339,7050.71
U03050,7050.7
U00307,7050.58
U09418,7048.97
U07660,7048.86
U09458,7048.49
U01459,7048.09
U09229,7048.0
U04267,7046.87
U09483,7045.3
U04431,7042.58
U05289,7041.73
U02810,7041.34
U01819,7040.95
U03869,7040.75
U06520,7040.28
U02873,7040.27
U08079,7039.6900000000005
U05214,7039.35
U05192,7037.45
U07292,7037.37
U02657,7037.31
U06125,7037.0
U03780,7036.81
U03315,7035.93
U02053,7034.4
U03562,7033.64
U07797,7033.110000000001
U01312,7032.759999999999
U02549,7028.22
U08042,7026.16
U07204,7026.12
U02550,7026.08
U01574,7025.7300000000005
U04062,7025.65
U03239,7022.719999999999
U03356,7021.95
U02092,7020.610000000001
U00984,7020.52
U00693,7018.56
U02481,7017.37
U05315,7012.42
U00723,7011.4
U09301,7009.54
U06176,7008.35
U01013,7007.45
U02662,7006.78
U04328,7005.57
U07744,7003.95
U04545,7003.4400000000005
U09164,7002.92
U01835,7002.92
U09697,7001.09
U09751,7001.06
U04635,6999.2
U09894,6998.02
U08344,6997.41
U03503,6996.94
U04437,6994.82
U04885,6994.26
U02277,6993.08
U06223,6991.27
U06531,6990.9800000000005
U00340,6988.66
U09427,6988.63
U03404,6986.47
U06819,6985.02
U05020,6984.43
U05421,6983.6900000000005
U04237,6980.72
U06332,6980.39
U04614,6979.64
U01020,6978.62
U06561,6978.36
U05211,6977.799999999999
U04042,6977.42
U06126,6976.57
U07224,6975.54
U02768,6975.369999999999
U06140,6975.28
U02043,6974.849999999999
U03623,6974.4
U08536,6972.14
U01264,6970.41
U08705,6970.27
U08387,6968.6
U08974,6967.34
U02072,6966.61
U03376,6966.49
U09288,6963.429999999999
U01085,6963.42
U07929,6963.02
U05336,6962.96
U07339,6961.59
U03208,6961.18
U09784,6959.74
U08774,6958.03
U07220,6957.01
U07180,6956.71
U04966,6952.860000000001
U06752,6951.05
U02084,6950.969999999999
U04840,6949.65
U09962,6948.6900000000005
U05523,6947.57
U08994,6944.139999999999
U01960,6942.36
U07378,6941.34
U07738,6940.32
U05140,6939.96
U03317,6939.51
U00389,6938.34
U07105,6936.07
U02925,6934.51
U09548,6931.889999999999
U07951,6930.0
U06432,6927.09
U05104,6927.02
U09519,6926.94
U05906,6926.8
U01038,6923.11
U09735,6922.009999999999
U08800,6921.570000000001
U08545,6921.27
U09255,6920.35
U03761,6919.4400000000005
U08516,6919.22
U07413,6918.89
U06400,6917.83
U05635,6916.48
U03183,6915.97
U07837,6915.83
U06112,6914.93
U03037,6911.849999999999
U04549,6911.15
U06526,6909.74
U03460,6908.63
U02437,6908.54
U07593,6907.34
U02186,6904.83
U01190,6904.820000000001
U00739,6903.17
U07050,6901.54
U06607,6900.92
U02179,6900.7
U09236,6900.68
U04104,6900.150000000001
U06835,6899.110000000001
U05049,6896.67
U02366,6896.5
U01878,6896.1
U06538,6895.97
U09378,6894.51
U05518,6893.72
U01930,6893.46
U02784,6892.7
U02383,6890.71
U08935,6889.5
U08887,6888.71
U03011,6887.3099999999995
U05058,6886.15
U02343,6886.02
U01371,6885.79
U04496,6883.43
U07248,6883.32
U04069,6882.27
U08651,6881.79
U00379,6880.76
U05880,6879.6
U08834,6878.0
U03322,6875.530000000001
U09992,6874.42
U09622,6873.54
U05232,6871.92
U06901,6869.0
U08976,6868.66
U02346,6866.49
U07972,6865.86
U01556,6864.5
U07056,6863.31
U07624,6862.14
U09190,6861.13
U05216,6858.78
U09987,6858.76
U02038,6858.43
U01886,6857.58
U02787,6856.6
U05846,6855.47
U03985,6855.17
U05985,6855.02
U03031,6854.9
U01407,6854.62
U06257,6853.56
U01899,6852.53
U01251,6852.5
U01494,6848.08
U06986,6845.16
U05454,6843.93
U08709,6841.51
U01822,6841.45
U00859,6839.55
U03340,6836.820000000001
U01369,6835.360000000001
U03595,6834.98
U05320,6832.86
U06032,6831.0
U09650,6830.35
U08170,6829.68
U06302,6828.28
U02884,6828.02
U07914,6827.0599999999995
U01199,6825.12
U08751,6824.4
U04177,6823.88
U02758,6823.84
U03691,6823.79
U08211,6823.38
U03545,6823.22
U05951,6822.94
U09115,6822.77
U05325,6821.73
U06994,6819.45
U05623,6817.52
U01647,6817.18
U02760,6816.82
U04564,6816.57
U07866,6810.88
U05549,6810.7699999999995
U08594,6809.639999999999
U02774,6808.82
U00830,6808.69
U01891,6808.639999999999
U02775,6807.3
U06264,6806.75
U04532,6806.28
U00174,6804.8
U08668,6803.51
U08046,6803.1
U07971,6802.5
U01295,6802.42
U04935,6801.44
U06612,6800.87
U00368,6800.26
U09485,6799.42
U07997,6797.83
U04783,6797.28
U09295,6796.95
U03867,6796.58
U06425,6795.139999999999
U08198,6793.33
U02193,6792.6
U08917,6791.650000000001
U00666,6791.55
U05825,6790.81
U09201,6790.64
U07299,6788.85
U06574,6788.14
U09218,6788.1
U01272,6787.7
U01638,6787.65
U06595,6786.93
U03290,6786.64
U06128,6785.66
U03463,6784.52
U01194,6783.47
U03207,6782.11
U04466,6780.79
U03027,6780.26
U04190,6779.78
U08123,6779.360000000001
U04189,6779.16
U09908,6778.849999999999
U06472,6778.5199999999995
U01573,6778.24
U02330,6776.47
U07478,6775.63
U09432,6775.18
U09589,6774.71
U01582,6774.349999999999
U04506,6771.400000000001
U06628,6770.969999999999
U07027,6770.94
U07222,6769.610000000001
U00553,6768.3099999999995
U09948,6767.4
U05914,6766.73
U03597,6766.139999999999
U05448,6766.13
U07722,6765.93
U06938,6765.79
U02586,6764.1900000000005
U01868,6763.47
U03940,6760.72
U00069,6759.74
U06503,6756.75
U04414,6755.61
U00486,6754.6900000000005
U06307,6754.69
U06857,6752.32
U05728,6750.37
U02564,6749.4
U02003,6747.01
U02074,6745.99
U03363,6745.95
U06418,6743.79
U03998,6743.45
U01359,6742.04
U02615,6741.21
U04095,6740.5
U01462,6739.68
U00863,6739.33
U00292,6739.0199999999995
U07411,6734.85
U03640,6734.68
U01455,6730.91
U03986,6729.59
U09578,6728.54
U06939,6725.71
U09708,6724.08
U04260,6723.38
U03247,6722.53
U04326,6721.39
U09365,6721.2
U02744,6720.42
U09596,6720.15
U07851,6719.24
U05738,6718.91
U04594,6716.54
U04838,6715.150000000001
U01746,6715.12
U09371,6715.12
U07551,6713.95
U04511,6713.4400000000005
U00543,6712.92
U07694,6712.63
U05686,6712.57
U02580,6712.53
U04295,6712.03
U06672,6710.98
U02533,6710.15
U06775,6708.67
U08265,6708.61
U04975,6704.35
U01936,6704.33
U06519,6704.13
U05739,6703.68
U05973,6703.639999999999
U06281,6703.15
U06743,6703.1
U01011,6702.13
U06711,6700.98
U01357,6700.91
U00550,6700.54
U02803,6700.12
U03912,6698.95
U00896,6698.45
U02378,6696.95
U07181,6695.54
U00181,6695.11
U07275,6694.67
U04430,6694.09
U01858,6691.74
U04916,6691.49
U05954,6690.94
U06657,6690.59
U09159,6688.07
U05603,6686.66
U02082,6686.18
U03519,6684.51
U06952,6684.32
U00194,6682.3
U05294,6682.3
U08429,6680.97
U08077,6680.66
U08720,6679.26
U09595,6678.360000000001
U02479,6676.83
U05980,6675.6900000000005
U09517,6675.51
U00773,6675.27
U03311,6673.28
U00056,6673.26
U02872,6673.18
U00969,6670.13
U05262,6668.63
U03646,6668.1
U06089,6666.93
U05298,6666.91
U01219,6666.35
U03099,6665.92
U04743,6665.429999999999
U00189,6665.01
U04347,6663.46
U08964,6660.84
U04509,6660.67
U04600,6658.45
U01376,6657.35
U04055,6655.64
U09121,6655.15
U02086,6654.76
U04313,6654.18
U09878,6654.12
U04097,6654.02
U02118,6653.9
U06435,6653.68
U02024,6652.04
U00650,6649.46
U01583,6648.58
U02865,6648.41
U02700,6647.54
U02833,6646.76
U05886,6646.48
U05604,6645.86
U06707,6645.65
U04733,6645.16
U04188,6645.15
U07586,6644.17
U04150,6643.3
U09560,6643.28
U01927,6641.37
U03704,6640.76
U03457,6640.27
U01949,6639.27
U03752,6638.9
U01299,6637.57
U02849,6637.15
U06897,6636.57
U00151,6635.23
U06104,6633.74
U09869,6633.19
U06642,6633.13
U07235,6631.139999999999
U04377,6630.62
U01646,6630.55
U09982,6625.8
U07335,6625.1900000000005
U06399,6624.860000000001
U08501,6623.92
U00795,6623.9
U04500,6623.83
U01756,6623.75
U05441,6623.64
U00657,6623.28
U02738,6623.27
U00480,6623.16
U06937,6622.41
U08225,6621.7
U05668,6621.21
U00540,6620.23
U02880,6618.45
U06289,6617.2699999999995
U07651,6614.87
U05460,6612.99
U07437,6612.02
U03772,6611.79
U00576,6610.39
U05535,6609.97
U09251,6609.93
U06544,6609.530000000001
U01523,6609.41
U00219,6609.070000000001
U00380,6608.73
U08744,6607.75
U02779,6606.28
U05569,6605.82
U03139,6605.7300000000005
U01867,6604.73
U08945,6602.49
U00547,6602.13
U00501,6600.17
U04903,6598.8
U05295,6595.64
U09611,6595.57
U04782,6594.63
U06996,6594.09
U07351,6591.9
U02904,6591.86
U00874,6588.87
U01504,6588.79
U07598,6587.38
U03612,6586.45
U07356,6585.87
U02771,6585.79
U02360,6583.55
U09782,6581.16
U01741,6580.47
U02980,6579.81
U06560,6578.18
U00360,6577.97
U05488,6577.2
U05625,6576.26
U07169,6575.74
U05291,6573.84
U03639,6573.8099999999995
U07487,6572.0
U04490,6570.29
U07740,6566.72
U08266,6566.3099999999995
U04247,6564.23
U01798,6563.54
U01309,6563.01
U07540,6562.83
U06144,6562.55
U09320,6562.02
U07387,6561.99
U00499,6561.4400000000005
U05246,6560.72
U05015,6559.52
U06155,6556.639999999999
U00774,6555.3
U07867,6554.63
U07229,6554.55
U01934,6554.38
U03415,6552.5599999999995
U05172,6551.95
U00412,6551.77
U09157,6551.63
U06041,6549.4400000000005
U09706,6547.5
U04031,6547.43
U06347,6546.43
U06457,6545.71
U04468,6543.91
U06789,6543.35
U07365,6542.43
U00799,6541.79
U01553,6541.54
U09136,6541.469999999999
U03951,6541.37
U04756,6539.99
U02769,6539.639999999999
U02933,6538.2699999999995
U02572,6534.43
U03937,6533.93
U08581,6531.46
U02371,6531.09
U04524,6529.51
U09937,6529.11
U04668,6526.91
U07570,6526.65
U05408,6526.3
U07757,6526.17
U01704,6526.01
U05178,6525.13
U09641,6525.02
U02273,6524.52
U07197,6523.9
U06402,6523.79
U01340,6521.46
U01257,6520.5
U02445,6519.35
U09389,6518.46
U02844,6516.89
U07374,6516.74
U00853,6513.84
U04671,6511.67
U02307,6510.9
U05463,6510.72
U03529,6510.72
U07095,6510.06
U01358,6510.04
U01466,6509.93
U02474,6509.38
U02262,6509.26
U05022,6508.59
U08913,6507.320000000001
U04654,6506.42
U00573,6506.26
U05170,6506.04
U06653,6505.860000000001
U03186,6504.43
U00489,6504.150000000001
U00557,6503.67
U04368,6501.58
U01214,6501.26
U00148,6497.46
U09633,6495.36
U07033,6494.9
U08713,6494.81
U00753,6493.92
U09224,6493.56
U04459,6493.06
U02585,6492.47
U00745,6491.76
U08635,6489.21
U01035,6489.03
U09666,6488.74
U04182,6488.41
U05877,6485.9
U05387,6485.82
U03221,6485.02
U08047,6485.0
U00673,6484.63
U03834,6484.14
U02289,6482.54
U00756,6479.4800000000005
U00469,6478.150000000001
U04052,6475.37
U09803,6473.24
U07594,6473.150000000001
U06440,6471.5
U06033,6469.39
U03020,6469.2
U05146,6468.29
U01288,6466.74
U05048,6466.24
U03959,6465.76
U02164,6465.22
U03344,6464.97
U01512,6461.44
U06650,6460.59
U07514,6459.85
U09745,6459.58
U07664,6458.4800000000005
U01942,6457.7699999999995
U00562,6457.7
U07907,6456.13
U04311,6455.85
U05755,6452.71
U09489,6451.9
U06241,6450.16
U09420,6448.95
U08135,6447.38
U00869,6446.42
U05173,6446.05
U04321,6444.0
U03261,6444.0
U04860,6443.93
U08366,6443.62
U05870,6443.42
U07034,6442.860000000001
U06869,6442.47
U01528,6441.32
U00712,6441.04
U03040,6440.51
U03577,6439.5
U05644,6439.17
U09604,6439.09
U08729,6438.99
U03332,6438.6900000000005
U05806,6437.76
U00465,6437.38
U07001,6433.17
U04864,6433.0599999999995
U02333,6432.51
U04667,6432.09
U00647,6431.83
U00509,6431.03
U03750,6430.67
U05596,6430.0
U04263,6429.84
U06187,6428.09
U00899,6427.32
U08534,6427.08
U02923,6426.51
U08206,6425.91
U02944,6422.55
U04211,6422.37
U04995,6422.0199999999995
U05517,6421.26
U03423,6419.93
U06616,6419.360000000001
U03505,6419.29
U05310,6419.16
U08175,6418.64
U02332,6417.72
U00333,6416.9
U01535,6416.34
U04283,6415.35
U02308,6414.03
U03223,6411.02
U00626,6410.25
U07642,6409.05
U06310,6406.15
U06488,6405.2699999999995
U01526,6405.0
U05077,6404.51
U01186,6401.15
U01707,6399.51
U00762,6399.0
U06479,6398.25
U02938,6398.19
U08339,6397.72
U08605,6397.49
U08636,6395.44
U04618,6395.4
U05119,6395.120000000001
U09026,6393.11
U09880,6392.96
U02037,6392.5
U09364,6391.71
U06582,6391.51
U02698,6385.42
U06383,6382.78
U05089,6382.44
U05813,6382.02
U06773,6381.75
U01231,6380.7699999999995
U02305,6376.66
U04846,6373.1
U09978,6371.99
U03375,6371.72
U03563,6371.42
U01547,6370.280000000001
U02423,6366.3099999999995
U09647,6365.61
U00268,6364.05
U05296,6363.09
U00632,6362.0
U02781,6361.59
U08310,6361.36
U01469,6360.67
U01959,6359.65
U02398,6359.14
U06796,6358.91
U04715,6358.75
U09017,6355.46
U05697,6355.41
U09975,6352.45
U06966,6351.6
U07358,6346.59
U04718,6343.24
U08864,6341.66
U07700,6340.5
U04556,6340.110000000001
U00054,6339.58
U07817,6339.03
U09203,6338.7
U06058,6337.02
U00201,6335.929999999999
U03921,6335.35
U05654,6330.88
U07663,6329.55
U07391,6329.32
U02813,6328.08
U06237,6327.89
U05356,6327.639999999999
U08872,6327.3
U07308,6325.04
U03439,6324.86
U01177,6324.68
U01908,6324.14
U03255,6323.96
U02463,6323.96
U03918,6323.11
U06981,6322.16
U02439,6321.360000000001
U05884,6320.61
U06784,6318.96
U09681,6317.19
U07337,6316.98
U07910,6316.84
U05074,6316.58
U07294,6316.45
U04752,6316.09
U09077,6315.34
U04909,6313.97
U01096,6312.82
U02708,6311.43
U06420,6309.929999999999
U05176,6309.65
U02478,6306.89
U02368,6306.41
U02537,6305.54
U08573,6305.49
U07556,6304.86
U05701,6303.8
U03325,6303.5
U05357,6302.75
U06445,6302.21
U00200,6298.47
U01317,6298.15
U09279,6293.59
U08554,6292.59
U09472,6292.35
U02985,6291.27
U00400,6289.82
U01220,6287.83
U03301,6287.3
U04026,6286.7
U02250,6285.81
U01004,6284.8099999999995
U01738,6284.76
U05747,6282.69
U04977,6282.38
U03520,6280.16
U01829,6278.96
U05306,6278.28
U00536,6275.33
U00137,6274.37
U06085,6274.32
U02759,6273.79
U08798,6273.09
U01816,6269.7
U03089,6268.4
U08369,6267.1
U06619,6267.08
U06416,6265.33
U04898,6263.49
U09484,6263.23
U07325,6262.41
U07580,6262.27
U04565,6259.84
U08217,6258.97
U00034,6258.139999999999
U09859,6258.02
U05150,6255.99
U01686,6255.15
U08455,6255.09
U07687,6253.51
U03403,6252.5
U04514,6250.98
U05601,6250.8
U01833,6250.45
U04108,6248.74
U00806,6248.1
U00079,6246.23
U03511,6245.63
U06849,6244.74
U03264,6243.12
U04014,6240.35
U04174,6239.67
U07148,6239.48
U06725,6238.09
U03831,6237.71
U01490,6237.51
U06822,6236.82
U03473,6236.54
U04492,6234.5
U00035,6233.29
U04890,6230.02
U02203,6229.67
U04098,6229.41
U00732,6229.29
U08469,6229.02
U01316,6227.76
U04906,6225.03
U04978,6224.76
U09925,6223.35
U06866,6220.12
U09085,6218.79
U02969,6217.84
U05801,6217.27
U02816,6216.5199999999995
U02842,6216.2
U02514,6215.88
U00378,6215.6
U06837,6215.33
U03240,6214.78
U06318,6213.139999999999
U04544,6212.9
U08007,6212.7
U04880,6210.71
U02956,6210.64
U05427,6207.7699999999995
U08687,6205.54
U00776,6205.52
U07606,6205.24
U00794,6205.07
U09296,6204.7300000000005
U09520,6204.5
U08168,6204.0
U01018,6203.47
U04170,6202.64
U02023,6202.45
U08268,6200.41
U08179,6200.139999999999
U04200,6198.45
U01389,6197.78
U06297,6196.950000000001
U05947,6195.98
U02341,6195.65
U09763,6195.6
U06641,6194.61
U05028,6193.34
U01149,6192.91
U02328,6192.26
U03392,6189.37
U08030,6188.39
U05657,6187.62
U03128,6187.5
U08300,6187.42
U00620,6186.78
U01618,6183.64
U00355,6183.3
U09748,6180.139999999999
U00055,6180.05
U05602,6179.66
U00322,6178.42
U04505,6177.39
U07008,6175.67
U03593,6174.34
U09528,6173.92
U09783,6173.43
U06419,6172.82
U09377,6172.68
U09587,6168.3
U03997,6168.16
U07489,6168.09
U02579,6167.11
U04351,6166.07
U04717,6163.41
U00218,6162.610000000001
U03418,6162.1
U09932,6162.01
U00731,6161.78
U07544,6160.98
U05707,6160.78
U05893,6157.49
U04580,6157.49
U02906,6157.12
U00802,6156.12
U03846,6155.11
U03093,6154.82
U02834,6154.02
U06504,6151.58
U09823,6151.37
U01987,6151.0
U03838,6150.17
U07168,6149.57
U06812,6145.9
U01064,6145.5599999999995
U01206,6145.5
U07058,6143.63
U04120,6143.45
U04448,6143.16
U01731,6143.07
U07386,6143.04
U09531,6141.83
U01750,6140.51
U05908,6140.44
U09945,6140.26
U02589,6140.26
U05862,6139.36
U08878,6139.03
U07998,6138.02
U05723,6136.4800000000005
U07265,6135.22
U07267,6134.23
U07502,6133.0
U08579,6132.21
U06720,6130.3099999999995
U03523,6129.32
U03066,6128.79
U04440,6128.74
U02920,6128.24
U03739,6127.59
U02684,6127.4
U02530,6126.53
U06858,6126.4
U09169,6125.72
U07729,6124.58
U03278,6124.4
U01368,6124.26
U05614,6122.7300000000005
U02910,6122.43
U03710,6121.75
U09303,6121.59
U09898,6120.66
U05705,6118.57
U01086,6117.34
U08244,6115.93
U00423,6115.58
U09524,6113.85
U09107,6113.38
U00452,6113.09
U08269,6110.18
U03067,6109.93
U00677,6109.09
U01894,6108.68
U00957,6107.67
U01802,6107.31
U08468,6106.31
U07883,6104.7
U03753,6104.18
U01673,6103.11
U04060,6102.58
U06564,6102.51
U03686,6102.13
U08139,6101.59
U00653,6101.45
U02236,6100.32
U00043,6098.75
U06029,6098.35
U05092,6097.13
U06724,6095.889999999999
U05832,6094.86
U00986,6092.61
U04264,6092.1900000000005
U04299,6091.73
U05182,6091.72
U02819,6086.96
U06345,6086.74
U02124,6086.36
U09816,6085.74
U00160,6084.49
U08853,6081.8099999999995
U06170,6081.46
U00985,6078.84
U04805,6078.530000000001
U04207,6078.1900000000005
U07120,6076.99
U08502,6074.25
U02385,6072.9800000000005
U06956,6072.57
U08785,6071.8
U02192,6071.4800000000005
U05109,6071.01
U00117,6070.08
U03578,6068.2
U01690,6066.16
U09625,6065.42
U01402,6064.52
U05613,6064.4800000000005
U05684,6064.46
U09980,6064.15
U02055,6063.26
U06886,6063.2300000000005
U02081,6061.71
U09073,6061.69
U02655,6058.5599999999995
U03851,6058.05
U09297,6057.71
U05148,6057.38
U03892,6057.13
U02345,6056.65
U08375,6054.81
U06010,6054.17
U06093,6054.1
U08671,6052.42
U00243,6052.05
U07777,6051.63
U09599,6051.46
U08105,6051.25
U08949,6050.900000000001
U00032,6050.54
U07976,6050.23
U09454,6049.969999999999
U00406,6048.35
U01471,6047.7699999999995
U01796,6047.26
U06753,6047.21
U02806,6046.15
U03707,6045.88
U05217,6044.38
U01973,6043.26
U00467,6041.37
U04945,6041.02
U01334,6040.79
U00900,6038.43
U02158,6038.139999999999
U06617,6037.74
U04822,6036.94
U01144,6036.92
U01532,6036.73
U03755,6036.68
U03096,6036.41
U04971,6034.6
U07885,6033.23
U04435,6031.82
U08602,6029.3
U04607,6029.02
U02934,6028.43
U07554,6026.54
U03656,6023.16
U07345,6022.9
U07758,6022.650000000001
U07184,6022.57
U02311,6019.67
U07491,6019.45
U01699,6018.17
U02009,6017.16
U09567,6016.28
U06019,6016.22
U07311,6015.77
U05597,6011.53
U04259,6010.0599999999995
U01025,6008.43
U02066,6007.1
U09448,6006.6
U04501,6004.57
U03512,6002.5599999999995
U03310,6001.82
U07104,6000.1
U09312,5999.4400000000005
U04727,5999.27
U09493,5997.47
U00391,5997.03
U05796,5996.25
U08428,5995.969999999999
U02211,5995.83
U05861,5994.4400000000005
U09467,5993.36
U08329,5991.9
U02052,5991.25
U03091,5990.14
U08204,5988.61
U06378,5987.93
U07438,5987.16
U06158,5986.93
U01337,5985.5599999999995
U02536,5985.2
U04807,5983.58
U06717,5981.43
U07395,5980.01
U09863,5978.1900000000005
U00357,5978.0
U07441,5975.0
U00456,5974.91
U04647,5974.18
U03471,5973.6
U09605,5972.65
U04915,5971.94
U01381,5971.63
U08867,5970.41
U09689,5967.88
U07084,5966.4800000000005
U04683,5965.37
U06975,5964.46
U09954,5964.15
U00341,5964.03
U08884,5962.59
U01114,5961.39
U02469,5959.820000000001
U06829,5959.4400000000005
U06705,5959.4
U09710,5958.9800000000005
U02853,5958.69
U07762,5957.24
U00898,5955.62
U08841,5954.72
U07669,5952.84
U01603,5952.01
U06864,5951.639999999999
U02457,5950.63
U03894,5950.32
U06178,5949.73
U01540,5949.1
U03229,5948.46
U00914,5948.05
U03328,5947.67
U03633,5947.63
U02753,5946.24
U08260,5946.2
U05189,5946.09
U03493,5944.47
U07209,5944.01
U01413,5943.09
U02551,5941.06
U01232,5940.23
U05827,5936.71
U06539,5935.5
U03417,5935.11
U05557,5933.89
U08222,5932.03
U07836,5931.76
U05958,5930.74
U02051,5927.55
U02823,5927.35
U07946,5926.4
U02387,5924.9
U04320,5923.34
U03013,5923.1900000000005
U05750,5922.85
U00395,5922.8
U01905,5921.25
U07881,5920.0
U02892,5918.82
U01995,5918.59
U01073,5917.09
U06193,5917.03
U08061,5916.96
U03935,5916.53
U08218,5915.87
U01172,5915.6900000000005
U06591,5915.43
U06186,5914.47
U03625,5913.08
U00961,5912.7
U02212,5912.5199999999995
U06413,5912.35
U01416,5912.04
U01205,5910.02
U00907,5909.56
U04214,5909.41
U02239,5907.66
U03286,5906.35
U01420,5906.16
U08152,5904.15
U06759,5903.47
U07281,5903.46
U04330,5902.4
U03762,5901.29
U03406,5900.34
U06206,5898.4
U02337,5897.94
U06738,5897.63
U07340,5897.47
U04679,5895.56
U05418,5895.41
U04612,5895.11
U00733,5894.65
U04462,5893.97
U00369,5892.25
U08915,5891.49
U08357,5890.93
U08567,5890.849999999999
U02370,5889.73
U09550,5889.45
U08528,5889.38
U08760,5886.49
U02695,5885.04
U06792,5879.89
U07243,5879.69
U08018,5877.2
U01529,5872.62
U05779,5872.08
U00100,5871.7
U08147,5871.16
U07599,5870.88
U09440,5870.44
U04842,5870.1900000000005
U05771,5866.77
U00565,5863.96
U02329,5862.9400000000005
U00846,5862.45
U02354,5862.33
U00444,5860.9400000000005
U03942,5860.55
U03809,5860.41
U00283,5858.4400000000005
U03300,5857.9400000000005
U03159,5856.7
U04979,5855.7
U03825,5855.63
U00705,5855.21
U07932,5853.360000000001
U02304,5853.23
U08932,5852.61
U08590,5848.7699999999995
U01669,5847.780000000001
U09971,5846.200000000001
U09044,5846.0
U05731,5843.6
U04660,5843.07
U01566,5841.2300000000005
U04457,5840.29
U01335,5838.14
U06368,5837.860000000001
U08772,5836.32
U07486,5835.84
U04770,5835.82
U00285,5834.62
U06621,5834.04
U00504,5833.37
U01897,5833.110000000001
U03627,5832.22
U04828,5830.59
U02298,5830.46
U00259,5829.1900000000005
U02670,5828.81
U00713,5828.34
U00121,5828.1900000000005
U01072,5822.5
U09151,5822.360000000001
U08467,5821.9400000000005
U08381,5821.84
U02393,5819.3
U01217,5816.86
U07318,5816.43
U09112,5815.25
U05536,5813.01
U04849,5811.55
U05742,5811.5
U06438,5808.03
U02699,5807.98
U02590,5807.13
U04056,5805.33
U06915,5801.74
U00679,5800.57
U09230,5798.9
U08587,5797.15
U00450,5795.34
U00500,5789.13
U07886,5787.73
U07747,5787.1900000000005
U03542,5787.03
U02268,5786.42
U08236,5783.42
U09376,5782.2300000000005
U08027,5781.1
U01857,5780.51
U08004,5780.33
U09400,5778.6900000000005
U06267,5778.63
U02458,5776.5
U04542,5774.6
U08453,5772.38
U06730,5770.97
U01029,5770.88
U00658,5770.66
U03931,5768.46
U02166,5766.879999999999
U06556,5766.82
U07854,5766.4400000000005
U06357,5766.18
U01159,5765.280000000001
U08013,5764.91
U01395,5764.82
U06739,5764.09
U05070,5763.28
U04625,5761.22
U03795,5761.14
U04035,5759.54
U05852,5756.93
U05483,5756.37
U02039,5755.37
U00195,5753.5
U08956,5753.38
U01520,5751.75
U04972,5748.87
U01112,5748.08
U05043,5743.1900000000005
U05333,5743.18
U02740,5742.64
U02477,5742.22
U08806,5741.0199999999995
U02241,5738.99
U06497,5737.7
U02965,5735.86
U03684,5734.32
U08462,5733.02
U07484,5731.94
U05628,5731.66
U03175,5731.639999999999
U05134,5729.75
U05661,5727.8099999999995
U03097,5727.29
U08553,5726.7
U03429,5726.16
U00945,5725.21
U04911,5724.5199999999995
U08382,5724.42
U01178,5724.37
U03555,5723.68
U07819,5722.46
U06371,5720.26
U09525,5719.1
U03138,5713.64
U03732,5712.28
U06115,5710.44
U09158,5708.25
U01969,5708.16
U09947,5704.53
U07831,5704.42
U09360,5704.41
U06825,5702.98
U04680,5702.93
U07944,5702.1
U04255,5701.03
U06258,5698.36
U00403,5697.79
U04719,5697.09
U02182,5696.17
U02438,5695.29
U08563,5694.63
U06346,5692.77
U03693,5691.17
U05982,5689.99
U02522,5689.59
U00488,5688.4
U06109,5687.25
U08968,5686.55
U08653,5682.9400000000005
U05370,5682.75
U09904,5682.62
U05593,5682.360000000001
U08596,5682.139999999999
U07799,5681.62
U07676,5679.02
U01947,5678.86
U09644,5678.48
U01474,5677.9
U01239,5674.23
U06203,5673.85
U07618,5672.9400000000005
U01419,5671.61
U03268,5671.04
U05136,5670.81
U04365,5665.45
U01904,5664.82
U05392,5664.75
U07805,5663.38
U05513,5661.67
U03695,5660.85
U00377,5656.72
U08318,5653.36
U03781,5651.75
U08623,5650.88
U02799,5649.67
U01521,5649.14
U03808,5647.87
U08922,5647.63
U06064,5646.18
U09456,5645.96
U09841,5644.429999999999
U02274,5643.05
U01748,5642.56
U05627,5642.44
U04126,5641.54
U00363,5641.26
U00871,5639.93
U00993,5638.639999999999
U03645,5635.25
U04195,5633.35
U02839,5633.0
U05491,5631.96
U00748,5631.91
U02235,5631.83
U06671,5629.8
U00240,5623.89
U02848,5623.87
U02658,5623.75
U05280,5621.85
U08220,5620.3099999999995
U07440,5615.0
U07450,5613.4400000000005
U06877,5612.76
U06437,5609.85
U05033,5609.29
U02594,5608.98
U01815,5608.88
U07029,5607.75
U02927,5606.05
U00426,5605.6
U07939,5605.16
U03041,5604.65
U06008,5604.610000000001
U01598,5604.21
U08648,5604.08
U01788,5603.4400000000005
U05542,5602.19
U02069,5601.93
U02802,5601.25
U06974,5600.41
U01635,5599.37
U08891,5599.3
U05067,5599.21
U05574,5597.7
U03778,5597.4
U05039,5597.19
U04694,5596.61
U06873,5596.27
U02231,5593.97
U02377,5593.64
U02974,5593.58
U07361,5593.09
U08353,5592.83
U01378,5591.2
U05781,5589.84
U05399,5588.7699999999995
U01723,5587.96
U08082,5586.25
U03994,5586.19
U04221,5583.64
U06736,5576.51
U02948,5573.929999999999
U00436,5573.03
U08889,5572.99
U03238,5572.98
U00063,5572.879999999999
U07589,5572.37
U07138,5572.08
U06615,5569.45
U07354,5569.23
U07567,5568.62
U07003,5565.82
U09479,5565.59
U00409,5565.47
U08893,5565.21
U09402,5564.900000000001
U09648,5562.53
U00549,5555.95
U04599,5555.3
U08101,5555.04
U04722,5553.66
U03398,5553.62
U01763,5552.38
U06470,5549.93
U06834,5548.84
U03407,5548.74
U06896,5548.3
U06381,5548.07
U08593,5547.72
U02804,5543.62
U06055,5542.97
U00225,5542.25
U05522,5540.96
U02444,5540.88
U06447,5540.849999999999
U06030,5540.49
U00683,5539.62
U00575,5538.99
U01311,5538.45
U02996,5538.13
U02726,5537.42
U05933,5537.35
U03576,5535.22
U07802,5533.62
U00822,5532.68
U07681,5531.9
U09025,5531.07
U09284,5528.53
U05616,5527.07
U02919,5525.91
U03335,5525.76
U02505,5520.73
U03162,5520.03
U09114,5519.12
U01352,5518.76
U07261,5516.74
U01150,5516.38
U02380,5516.34
U08440,5516.0599999999995
U05673,5513.92
U03954,5511.9800000000005
U00579,5510.18
U01499,5509.61
U04530,5508.43
U07600,5506.48
U09821,5506.42
U06163,5504.85
U09584,5503.54
U08001,5501.64
U07732,5500.9400000000005
U09104,5497.88
U07041,5497.82
U00523,5496.5599999999995
U09272,5496.0599999999995
U09207,5495.7
U06352,5493.33
U05878,5492.43
U07571,5492.04
U00855,5491.86
U06139,5491.77
U03023,5491.22
U06076,5491.0199999999995
U03509,5490.25
U06407,5490.16
U02619,5487.29
U09850,5487.23
U08492,5486.22
U04728,5482.62
U06911,5482.59
U06683,5481.73
U08768,5481.63
U09714,5480.53
U09253,5478.97
U08582,5478.0
U08574,5477.46
U05948,5475.54
U05442,5474.889999999999
U00908,5474.59
U05395,5474.0
U04646,5470.91
U00551,5470.3
U09211,5469.95
U08164,5469.22
U00742,5467.51
U04043,5466.95
U09829,5462.73
U06485,5462.21
U04604,5461.47
U04620,5456.47
U01745,5455.83
U04553,5455.4800000000005
U08149,5455.0199999999995
U02104,5454.22
U07770,5450.96
U04870,5450.349999999999
U06505,5450.17
U08990,5449.18
U06385,5447.5
U00749,5446.77
U01795,5444.74
U03412,5444.45
U06714,5444.18
U07133,5443.42
U03265,5443.26
U07082,5442.88
U04517,5436.95
U09097,5434.17
U07421,5434.16
U04434,5434.08
U09425,5433.110000000001
U02776,5432.25
U09631,5427.58
U08844,5426.15
U05867,5426.110000000001
U07927,5425.25
U00083,5425.24
U08860,5424.97
U06532,5424.72
U02539,5423.38
U03843,5420.9800000000005
U03390,5420.95
U01762,5415.65
U06227,5415.12
U09607,5413.76
U00698,5413.21
U05036,5413.1900000000005
U08520,5411.59
U08362,5411.23
U08742,5407.71
U02451,5407.14
U06693,5406.07
U02498,5404.22
U09006,5401.12
U09381,5400.77
U05584,5400.24
U09285,5399.0199999999995
U08577,5397.67
U02177,5397.219999999999
U00476,5396.18
U03600,5394.88
U07531,5393.95
U00689,5393.73
U01056,5393.65
U05372,5393.4
U04013,5391.54
U07963,5390.29
U06489,5387.1900000000005
U01688,5386.95
U03313,5385.39
U06737,5383.19
U07673,5382.44
U07257,5381.03
U08494,5379.81
U05729,5379.42
U01019,5375.34
U04850,5375.09
U08622,5375.08
U05853,5374.54
U04750,5370.01
U07234,5369.7
U05393,5368.969999999999
U05719,5367.4400000000005
U01754,5366.7
U01511,5364.9800000000005
U02636,5364.94
U03759,5364.389999999999
U06552,5363.4
U05490,5360.09
U04433,5359.64
U08595,5356.58
U07888,5355.44
U00019,5354.6
U06365,5352.47
U00025,5350.75
U00197,5349.57
U00234,5348.86
U02913,5343.150000000001
U09269,5341.16
U06249,5337.639999999999
U00253,5336.33
U02805,5333.9800000000005
U07823,5333.349999999999
U06942,5331.89
U08509,5330.41
U07443,5328.03
U02990,5325.38
U00951,5323.47
U01918,5321.36
U00584,5321.3
U00491,5321.1
U01109,5319.21
U03333,5318.56
U00428,5315.71
U08361,5315.400000000001
U00178,5314.47
U05228,5313.59
U03702,5313.47
U07760,5312.780000000001
U08701,5311.9800000000005
U03056,5310.900000000001
U05000,5310.61
U09661,5310.5
U09441,5300.43
U05888,5297.71
U06122,5297.69
U05675,5297.61
U09662,5296.71
U01659,5296.28
U01580,5295.39
U07900,5295.24
U06506,5294.42
U02432,5293.51
U03619,5291.26
U07810,5291.12
U09698,5288.429999999999
U02998,5287.2
U01734,5285.54
U09712,5283.62
U08425,5283.46
U02094,5281.3
U08584,5280.03
U09701,5279.77
U05478,5277.91
U08659,5277.3
U05308,5277.13
U04286,5276.49
U07537,5268.6900000000005
U05391,5267.860000000001
U04213,5267.78
U00133,5267.49
U01777,5267.05
U02410,5266.7699999999995
U00318,5265.599999999999
U00455,5265.400000000001
U08315,5263.48
U08919,5262.67
U03120,5261.77
U02912,5261.62
U02376,5260.9
U05481,5260.639999999999
U01450,5259.79
U06305,5257.610000000001
U09131,5255.78
U06039,5253.69
U02676,5251.21
U05212,5248.46
U09632,5245.54
U08075,5244.8099999999995
U00141,5241.42
U05907,5238.51
U02033,5236.950000000001
U00793,5234.57
U05358,5229.29
U02026,5228.969999999999
U09120,5227.51
U04080,5226.82
U01783,5226.39
U08556,5225.3
U08499,5225.04
U03343,5223.19
U07412,5220.76
U00746,5220.6
U00857,5217.320000000001
U09526,5215.96
U07057,5213.8
U02968,5212.6
U08791,5212.03
U04712,5211.51
U07021,5208.65
U04591,5205.8099999999995
U07702,5205.74
U05663,5205.6900000000005
U03530,5204.28
U07560,5203.66
U04785,5203.34
U00571,5202.7
U08780,5199.07
U09907,5198.41
U00154,5197.95
U06012,5196.56
U03687,5195.03
U01971,5194.81
U07796,5194.76
U05851,5192.96
U01451,5192.77
U08995,5192.64
U03336,5190.44
U08404,5190.31
U07794,5190.1
U08862,5189.18
U04808,5186.13
U05143,5185.17
U06426,5181.61
U02189,5180.67
U04984,5179.79
U07419,5179.08
U05872,5179.03
U05413,5178.81
U06655,5178.63
U05579,5177.9400000000005
U07920,5177.76
U00627,5176.79
U02005,5173.32
U01804,5172.18
U08778,5169.35
U08214,5167.46
U03902,5166.63
U03052,5162.93
U08091,5161.74
U07377,5161.2
U00438,5158.88
U04521,5157.79
U08855,5157.33
U03000,5157.12
U02512,5155.74
U07475,5154.39
U02499,5153.57
U02455,5153.08
U07352,5151.39
U09566,5150.11
U01656,5148.73
U07357,5148.15
U06935,5146.64
U07326,5142.9
U09799,5139.71
U04990,5139.35
U02675,5138.43
U00348,5138.16
U08012,5136.81
U09711,5136.6900000000005
U09043,5132.33
U02978,5130.86
U08020,5127.55
U01592,5121.68
U09854,5117.5599999999995
U00612,5116.55
U00496,5114.34
U02935,5112.81
U01910,5111.5
U09754,5111.43
U05807,5108.03
U03626,5104.68
U06268,5103.76
U03253,5103.700000000001
U09810,5102.700000000001
U06884,5101.65
U02169,5100.84
U04989,5099.469999999999
U02145,5097.87
U05689,5092.98
U09571,5091.63
U09081,5090.05
U08866,5087.99
U09929,5087.1900000000005
U01806,5087.04
U08953,5086.26
U04919,5086.15
U00140,5084.71
U02470,5084.21
U04015,5081.72
U08484,5077.8
U03435,5075.79
U05328,5073.24
U05910,5069.67
U09831,5068.4
U02450,5065.33
U04202,5062.12
U04974,5062.08
U06194,5061.93
U09065,5061.64
U08680,5060.26
U08850,5059.55
U00257,5055.6
U06723,5053.38
U03277,5052.22
U02101,5051.91
U08615,5047.12
U07342,5046.4
U08299,5045.83
U03638,5044.83
U05586,5041.94
U05060,5041.31
U07719,5038.63
U06154,5036.2
U02369,5033.84
U03324,5032.139999999999
U06396,5031.46
U05666,5030.69
U00690,5028.86
U01702,5026.37
U01870,5025.82
U05164,5025.8
U01124,5024.85
U05203,5023.88
U02214,5023.09
U07753,5021.26
U09154,5021.04
U01227,5019.56
U07685,5019.56
U05269,5019.45
U03979,5016.82
U08124,5014.2
U06563,5014.08
U09871,5011.17
U04543,5010.23
U07140,5007.89
U03189,5005.35
U02574,5004.03
U00096,5003.84
U03713,5001.01
U07317,5000.04
U01119,4999.87
U07089,4999.1
U03347,4998.77
U05630,4995.45
U09819,4995.11
U02255,4995.04
U06057,4994.15
U06596,4993.6
U05551,4992.58
U00507,4991.12
U04940,4989.89
U02942,4989.42
U07992,4988.94
U01192,4988.4800000000005
U05619,4987.09
U07394,4986.9800000000005
U08116,4986.08
U00911,4985.5
U01544,4984.88
U09851,4983.24
U06690,4982.29
U06046,4980.54
U06827,4979.83
U00611,4976.91
U00086,4973.76
U09210,4971.6
U08368,4969.18
U09788,4967.63
U06780,4961.58
U04094,4961.26
U04294,4957.8
U02750,4956.77
U02465,4956.51
U05255,4956.39
U05615,4955.860000000001
U08323,4955.55
U06011,4953.09
U06701,4953.09
U05323,4949.94
U03579,4949.83
U01367,4949.75
U03436,4949.37
U06389,4946.71
U06951,4945.93
U04262,4942.83
U09137,4940.78
U08682,4938.96
U09694,4938.32
U03833,4935.33
U02902,4933.83
U01070,4933.57
U00605,4933.17
U05234,4930.48
U06682,4929.22
U07890,4928.84
U00715,4924.18
U04622,4924.08
U04034,4921.6900000000005
U09514,4919.099999999999
U05147,4918.79
U04324,4918.49
U00680,4917.69
U04374,4915.94
U00555,4914.51
U02640,4914.24
U03877,4911.65
U01774,4909.950000000001
U02436,4908.81
U05848,4908.14
U01374,4907.700000000001
U01696,4904.57
U00757,4904.04
U05117,4903.87
U00856,4903.16
U04758,4901.43
U07283,4900.24
U08522,4896.9
U03083,4894.65
U08583,4894.43
U04318,4893.86
U01931,4893.17
U03062,4892.96
U00447,4892.0
U06359,4889.71
U09094,4888.59
U05656,4888.54
U03046,4887.68
U05892,4887.21
U07186,4885.82
U00324,4884.98
U05200,4884.46
U04735,4883.530000000001
U02705,4882.66
U04923,4880.7
U02972,4877.13
U09786,4876.89
U03797,4875.58
U08021,4871.59
U09804,4870.53
U07334,4869.18
U03775,4865.26
U09170,4861.0599999999995
U05197,4859.84
U06746,4859.14
U09969,4857.900000000001
U09178,4857.8099999999995
U07860,4857.0599999999995
U08416,4856.5
U09860,4856.2
U05744,4856.0199999999995
U04504,4854.87
U04154,4854.21
U00744,4853.860000000001
U00434,4853.58
U06391,4849.95
U07313,4849.889999999999
U02504,4847.45
U00566,4846.39
U01975,4845.38
U03977,4842.47
U08786,4840.7699999999995
U08547,4839.54
U09532,4839.1
U01104,4833.6
U03226,4831.09
U03459,4829.58
U03824,4828.18
U02881,4828.13
U05563,4825.87
U02527,4825.59
U01345,4825.23
U00615,4822.09
U07142,4821.83
U00978,4821.45
U04428,4821.28
U00459,4819.77
U09609,4818.05
U05459,4817.91
U05798,4817.83
U01448,4817.389999999999
U02817,4817.16
U03721,4814.48
U07228,4814.0599999999995
U04525,4813.56
U03541,4812.07
U04445,4810.69
U05626,4810.68
U04873,4810.63
U00646,4810.48
U06776,4810.07
U07505,4808.98
U04825,4807.4800000000005
U06652,4805.68
U07236,4804.76
U09477,4801.89
U00153,4801.51
U06761,4799.18
U09990,4798.88
U07829,4798.24
U04887,4794.66
U06254,4793.65
U07526,4793.17
U06331,4792.76
U09340,4791.45
U06366,4789.77
U08271,4788.48
U03045,4786.57
U00440,4782.64
U01492,4781.95
U02930,4778.95
U06323,4777.59
U03245,4774.61
U04153,4773.78
U04558,4773.07
U07376,4772.9
U01648,4772.77
U00878,4771.79
U04968,4771.48
U07213,4768.14
U04539,4767.74
U01818,4765.6
U04426,4762.2
U03061,4761.64
U07338,4759.33
U07237,4757.96
U04691,4757.78
U03575,4755.1900000000005
U09827,4753.16
U00296,4749.67
U03330,4748.84
U07101,4748.62
U02254,4748.28
U09074,4745.75
U04809,4744.05
U03419,4743.88
U03449,4742.5
U03118,4739.09
U02362,4738.31
U05821,4736.23
U09223,4735.4
U07494,4734.62
U09858,4733.860000000001
U09468,4732.05
U04926,4731.18
U05352,4730.139999999999
U09630,4725.55
U07272,4721.42
U05987,4720.4
U08816,4719.78
U06501,4719.4
U00026,4716.72
U05692,4714.65
U00128,4714.08
U09665,4709.33
U01291,4707.89
U08886,4704.75
U02245,4704.09
U08319,4700.58
U05251,4699.52
U08987,4698.63
U03680,4693.73
U01246,4690.22
U02693,4687.93
U00179,4687.620000000001
U09446,4685.469999999999
U00270,4684.09
U05114,4680.66
U06605,4680.55
U04046,4679.79
U04030,4678.93
U03837,4678.06
U01260,4677.59
U01400,4676.7
U07423,4671.66
U00383,4670.82
U06811,4670.59
U09181,4667.05
U05326,4666.280000000001
U04632,4666.27
U06084,4665.76
U08688,4664.7
U02078,4663.44
U01228,4661.11
U08599,4659.57
U07876,4656.74
U01094,4653.82
U02132,4652.99
U07984,4651.53
U08307,4651.4400000000005
U08637,4639.66
U07555,4639.43
U01170,4639.25
U07070,4638.75
U00975,4638.65
U09966,4636.09
U02893,4635.03
U05591,4633.48
U04118,4631.27
U04937,4628.45
U06673,4626.95
U01411,4626.37
U02375,4625.17
U00560,4624.36
U01539,4624.24
U06004,4622.62
U00419,4619.49
U01751,4618.9
U07474,4618.54
U04699,4617.87
U05438,4617.11
U09282,4616.99
U05373,4616.95
U09187,4616.02
U02645,4615.9
U07288,4614.91
U06235,4611.6
U05843,4611.22
U09934,4606.08
U00308,4605.99
U01012,4602.9
U07656,4600.51
U04110,4598.44
U09110,4597.92
U07775,4596.98
U04918,4595.9
U04672,4592.96
U02749,4591.72
U09179,4588.8
U07640,4588.5
U00597,4587.2
U05874,4586.62
U07517,4585.08
U00925,4584.8099999999995
U06185,4584.3
U07240,4582.65
U00818,4582.22
U02071,4581.93
U03621,4580.64
U09200,4580.18
U09339,4576.53
U05737,4572.84
U06444,4570.08
U04068,4568.84
U07658,4568.389999999999
U03151,4568.17
U03127,4566.92
U02548,4564.3
U09822,4562.11
U02353,4562.04
U01348,4559.16
U02404,4557.3
U04037,4556.68
U00604,4556.08
U00700,4550.889999999999
U01884,4549.08
U04021,4546.25
U00860,4545.37
U08332,4544.24
U01923,4543.56
U06090,4543.45
U03836,4543.45
U08723,4543.0
U03668,4542.59
U07137,4538.51
U00637,4537.76
U04390,4537.46
U05659,4534.4400000000005
U08158,4529.94
U04586,4529.1900000000005
U09388,4528.86
U01786,4528.41
U03132,4528.04
U09506,4522.28
U05708,4520.36
U07239,4519.78
U03969,4518.99
U05122,4518.88
U05277,4518.0
U04001,4513.76
U01166,4513.42
U01616,4512.16
U04222,4512.12
U01339,4512.11
U02379,4511.88
U08419,4511.63
U04349,4507.64
U06188,4507.58
U09438,4506.83
U07987,4506.68
U06168,4502.9
U09287,4500.79
U03069,4490.82
U05365,4489.8
U02441,4487.72
U01088,4486.360000000001
U05990,4483.67
U08813,4482.62
U04578,4480.57
U05660,4479.42
U00001,4477.1900000000005
U07691,4473.82
U06070,4470.75
U02651,4470.3099999999995
U05775,4468.0
U03812,4466.6
U05609,4465.85
U02697,4462.53
U08970,4462.04
U07371,4461.38
U03607,4460.42
U08304,4459.45
U07030,4458.94
U05578,4458.1900000000005
U01716,4457.900000000001
U06427,4454.4
U04992,4454.0
U00572,4452.61
U07083,4451.87
U05198,4451.71
U04047,4449.969999999999
U05485,4448.99
U05495,4447.86
U02782,4447.67
U02524,4446.57
U06322,4446.13
U00460,4443.77
U02733,4442.85
U05667,4442.139999999999
U04394,4441.41
U05989,4440.76
U09330,4439.37
U08663,4438.02
U02525,4437.24
U05756,4436.64
U03331,4435.57
U09341,4428.21
U09903,4426.28
U00981,4422.58
U03571,4417.74
U03263,4415.91
U08647,4413.72
U00764,4413.45
U03217,4406.77
U02801,4403.97
U09126,4402.2
U01594,4399.9
U07938,4397.55
U07270,4396.78
U04472,4391.639999999999
U00082,4389.95
U05611,4387.32
U06196,4387.12
U04415,4386.9400000000005
U04139,4382.83
U04623,4381.99
U05814,4380.86
U00783,4378.66
U04290,4372.15
U04362,4369.31
U05417,4362.1
U04738,4358.7699999999995
U04307,4352.02
U00831,4345.58
U02401,4345.26
U03469,4343.26
U07620,4342.63
U08033,4342.09
U00124,4340.03
U09734,4338.38
U01649,4337.39
U00445,4337.36
U09845,4337.23
U06287,4334.85
U05541,4333.29
U06092,4333.11
U00682,4331.64
U02185,4327.7
U03088,4327.58
U05528,4325.94
U05351,4325.86
U05026,4320.53
U01661,4319.4
U04127,4315.6900000000005
U04071,4315.29
U01632,4314.3
U02641,4313.38
U08256,4312.0199999999995
U07062,4311.98
U01692,4310.12
U00750,4306.87
U03387,4306.6
U02829,4302.96
U08838,4300.83
U04337,4298.21
U01714,4296.72
U05652,4296.45
U02605,4290.22
U07844,4288.63
U00036,4288.28
U05839,4286.6900000000005
U05805,4284.52
U09036,4283.78
U03283,4280.24
U03528,4279.29
U04384,4279.14
U06648,4277.11
U01003,4273.35
U07662,4272.47
U06678,4270.51
U01174,4269.52
U08178,4268.12
U08232,4264.41
U09191,4261.76
U02702,4259.7699999999995
U06768,4259.04
U02020,4247.51
U08423,4247.35
U02921,4246.34
U01087,4245.11
U06299,4244.62
U06276,4242.7699999999995
U09879,4242.17
U06453,4239.23
U00596,4238.16
U05928,4237.07
U05046,4236.02
U06397,4234.42
U08171,4231.620000000001
U09729,4231.09
U02692,4226.35
U03025,4224.93
U05444,4224.5
U09056,4222.39
U04617,4220.75
U07791,4219.8
U01256,4214.66
U05428,4212.59
U00823,4210.74
U08290,4208.77
U02556,4202.97
U05072,4200.94
U00091,4200.41
U02435,4198.47
U08122,4195.12
U09753,4184.96
U02653,4180.05
U08038,4179.58
U00772,4176.24
U09093,4175.92
U00244,4168.44
U04494,4168.35
U00716,4166.39
U09271,4163.22
U08011,4161.139999999999
U04854,4157.39
U07918,4155.26
U09746,4155.03
U03090,4154.35
U05331,4153.36
U05685,4153.12
U00364,4152.97
U01271,4152.68
U08657,4138.32
U04144,4132.99
U00108,4130.58
U07073,4128.84
U01805,4127.42
U07905,4123.77
U00362,4120.87
U07185,4118.68
U07472,4116.87
U03683,4115.27
U03454,4109.57
U05213,4105.21
U04554,4103.92
U09328,4101.37
U06534,4095.9100000000003
U00173,4094.71
U06141,4087.28
U01406,4085.83
U04086,4084.25
U07825,4083.34
U08347,4083.12
U07670,4081.48
U09977,4079.53
U06436,4077.82
U05622,4077.57
U06078,4075.69
U00011,4068.35
U00809,4066.96
U01954,4065.54
U07453,4063.62
U01375,4062.64
U05725,4058.58
U03944,4056.34
U02493,4056.0
U09779,4055.54
U02088,4050.57
U02911,4047.79
U03372,4045.29
U03708,4038.66
U01301,4034.26
U07044,4032.41
U07498,4031.39
U05480,4030.2599999999998
U07804,4030.2299999999996
U00249,4029.23
U06674,4029.18
U07576,4024.6899999999996
U04340,4023.28
U02357,4021.8700000000003
U09838,4021.6
U06543,4009.89
U08074,4008.7999999999997
U00115,4008.45
U07075,4006.44
U01327,4004.05
U05763,4003.3500000000004
U05482,3996.7000000000003
U00028,3996.66
U02218,3990.33
U06516,3989.46
U00556,3973.8
U07216,3973.32
U01120,3965.82
U07922,3965.56
U01725,3963.61
U06635,3959.9500000000003
U06747,3959.44
U02924,3958.51
U01955,3957.83
U02772,3957.76
U01154,3954.03
U00338,3951.27
U07713,3947.7400000000002
U00332,3941.02
U01560,3939.41
U00811,3931.7799999999997
U04011,3928.83
U05835,3924.35
U00631,3922.43
U06833,3921.0299999999997
U02995,3919.62
U01421,3918.0299999999997
U00397,3917.47
U02251,3917.18
U05105,3915.74
U01590,3912.44
U09087,3911.4700000000003
U01820,3910.3
U01876,3907.56
U03115,3905.77
U03747,3905.24
U08394,3902.23
U06081,3893.7200000000003
U03043,3891.27
U03070,3891.0299999999997
U01067,3889.1600000000003
U04066,3889.11
U02523,3888.19
U02141,3885.59
U02754,3882.8100000000004
U03102,3876.02
U03249,3873.31
U01859,3873.27
U04162,3873.26
U08010,3869.17
U09431,3868.13
U02454,3855.77
U08738,3851.08
U00970,3848.8999999999996
U05970,3847.4399999999996
U07157,3841.9700000000003
U06555,3840.17
U01718,3838.5899999999997
U05493,3836.29
U03193,3836.06
U03044,3835.98
U01276,3833.95
U05816,3833.45
U00132,3830.04
U02838,3825.24
U07741,3825.0699999999997
U03726,3824.5299999999997
U09002,3822.2400000000002
U05968,3815.47
U05113,3813.79
U07613,3813.23
U01017,3811.0699999999997
U05694,3807.37
U04288,3806.77
U09585,3806.33
U05534,3804.77
U05950,3804.1
U07735,3799.67
U09718,3799.41
U05605,3798.7000000000003
U00505,3797.8599999999997
U00042,3793.06
U05181,3790.97
U06286,3784.4700000000003
U05239,3783.64
U03649,3781.1800000000003
U04710,3779.6400000000003
U02931,3779.11
U02263,3779.06
U09709,3776.67
U07320,3776.1600000000003
U02680,3774.35
U03922,3767.73
U02201,3767.69
U01456,3764.0
U06941,3762.5
U02347,3761.59
U03499,3761.46
U03767,3759.34
U01360,3753.31
U05896,3745.79
U02626,3743.34
U04233,3743.12
U03956,3741.01
U00495,3740.2799999999997
U00787,3739.77
U07255,3738.32
U08601,3727.08
U01772,3725.82
U06028,3720.28
U05539,3720.1400000000003
U02621,3718.1800000000003
U00829,3717.83
U04879,3712.42
U02766,3706.4300000000003
U01848,3705.42
U06968,3692.04
U08983,3686.79
U03744,3685.96
U00167,3684.4
U01000,3682.24
U06751,3669.46
U03001,3664.87
U03792,3660.13
U09826,3656.9900000000002
U02837,3638.39
U04000,3633.7799999999997
U03924,3632.38
U07665,3631.08
U03615,3624.6000000000004
U00271,3621.31
U02126,3617.93
U00172,3615.81
U05863,3615.46
U07509,3614.64
U01717,3613.1800000000003
U07764,3612.7200000000003
U00552,3608.99
U07583,3608.37
U05524,3606.0299999999997
U05650,3596.02
U00273,3595.38
U02365,3594.8
U01128,3585.1899999999996
U09176,3583.0299999999997
U03743,3579.64
U00404,3574.75
U01179,3561.9
U05643,3551.09
U05452,3547.38
U04757,3545.4900000000002
U08145,3537.56
U06184,3536.72
U09575,3534.16
U04287,3520.06
U07296,3514.12
U07745,3512.9300000000003
U08395,3500.9199999999996
U03811,3492.1099999999997
U05329,3489.87
U00759,3480.01
U04461,3474.19
U04656,3468.36
U02406,3459.5499999999997
U04677,3457.32
U09996,3456.96
U07710,3451.6800000000003
U07032,3447.54
U03303,3447.47
U09513,3432.01
U09283,3431.47
U00367,3426.5699999999997
U09991,3421.39
U07088,3421.32
U05926,3419.49
U02025,3418.39
U08830,3410.1499999999996
U05894,3408.8900000000003
U02747,3408.58
U03134,3405.4500000000003
U07080,3396.98
U02534,3395.99
U07002,3395.44
U05830,3390.93
U07875,3389.81
U05606,3389.0
U03231,3379.89
U03094,3377.64
U09691,3372.07
U06021,3362.1800000000003
U07688,3361.36
U02864,3352.94
U02459,3351.62
U04378,3350.16
U00385,3349.44
U04659,3349.38
U06598,3339.06
U02869,3336.48
U01911,3329.4900000000002
U06625,3316.05
U07368,3315.8
U09090,3311.6600000000003
U09293,3310.18
U03826,3303.2599999999998
U00788,3299.7
U06562,3297.19
U06944,3292.96
U05891,3286.89
U07163,3283.8199999999997
U03992,3282.32
U07226,3277.83
U07025,3271.02
U00675,3269.81
U04606,3265.76
U07399,3254.49
U08270,3245.27
U01874,3243.5299999999997
U06511,3242.9900000000002
U05249,3238.2400000000002
U08740,3233.94
U05361,3233.61
U07519,3229.35
U08909,3229.28
U03908,3227.21
U07649,3226.59
U02690,3218.9900000000002
U08670,3217.88
U09113,3214.44
U03243,3207.79
U04855,3197.8
U05007,3196.87
U07924,3196.46
U01764,3184.18
U08826,3177.7
U01181,3170.17
U03802,3168.93
U06647,3151.77
U02654,3151.73
U08009,3149.8500000000004
U03168,3147.56
U02216,3146.63
U03975,3144.84
U07508,3138.41
U03737,3133.66
U07090,3124.68
U00614,3121.54
U07538,3119.2799999999997
U09944,3113.61
U09764,3102.0699999999997
U08306,3066.63
U09125,3056.14
U08925,3055.96
U02583,3052.25
U09019,3045.14
U00112,3028.13
U06722,3021.65
U06696,3020.8199999999997
U06265,3020.37
U01394,3012.76
U08167,3011.08
U06856,3009.4300000000003
U04243,3005.21
U02778,2997.79
U02582,2993.81
U04151,2971.0899999999997
U06143,2968.85
U01926,2953.46
U01536,2950.1
U07655,2949.29
U09212,2938.24
U04502,2931.67
U03953,2928.35
U03852,2921.81
U07552,2911.4700000000003
U07175,2908.18
U05995,2900.87
U08618,2899.89
U02506,2899.5499999999997
U08112,2876.8
U03815,2874.3
U02860,2869.81
U06962,2869.65
U01962,2849.82
U07756,2839.96
U00256,2838.12
U08612,2834.63
U04407,2830.83
U08894,2824.2000000000003
U01782,2822.83
U00639,2815.26
U06676,2813.5
U05432,2805.89
U04709,2801.26
U09970,2794.6800000000003
U08044,2785.36
U08757,2783.74
U08391,2783.73
U08060,2770.57
U09620,2762.06
U03637,2759.81
U09807,2713.71
U07727,2695.35
U07051,2686.63
U09015,2680.94
U05260,2672.29
U08442,2671.69
U03982,2661.92
U06459,2659.76
U04670,2635.8
U05010,2633.59
U04900,2633.35
U00089,2631.59
U09778,2627.46
U09967,2625.11
U02735,2622.61
U09245,2622.23
U07380,2609.5099999999998
U03642,2604.69
U03178,2596.1099999999997
U02686,2589.6099999999997
U06120,2589.09
U08820,2564.1099999999997
U04038,2559.24
U01255,2550.7200000000003
U03036,2544.42
U05155,2541.4700000000003
U02413,2536.4300000000003
U06813,2535.48
U03601,2534.9700000000003
U08097,2534.9
U04967,2520.84
U04884,2517.88
U05149,2511.31
U04541,2504.09
U02232,2499.5
U06454,2488.4
U09864,2464.7000000000003
U01259,2456.21
U08903,2435.1400000000003
U01106,2431.83
U04943,2424.16
U07679,2421.48
U02710,2421.46
U01111,2397.7200000000003
U04061,2392.27
U08043,2372.12
U08703,2353.88
U01655,2329.21
U07019,2327.31
U08281,2326.95
U03185,2309.46
U04571,2280.26
U00485,2260.77
U03071,2205.85
U00093,2180.8900000000003
U02907,2166.61
U01055,2146.0299999999997
U09422,2096.46
U08066,2047.0500000000002
U04223,2028.9700000000003
U08930,2004.91
U04886,1943.1799999999998
U05562,1931.69
U00059,1916.8799999999999
U05857,1911.94
U07379,1884.71
U09289,1857.2
U01310,1847.02
U07063,1840.58
U01841,1794.65
U00021,1745.47
U07470,1686.8799999999999
U04983,1663.97
U00277,1581.32
U01976,1563.21
U05469,1559.78
U09146,1555.75
U04129,1549.81
U02511,1536.92
U06048,1525.65
U03703,1520.43
U02322,1483.69
U06664,1418.92
U01919,1322.52
U07827,1268.36
U09527,1245.73
U08433,1210.18
U04300,1201.05
U03685,1123.9499999999998
U09949,926.0799999999999
